dbg0pd,rllt__details,YDIN4c,HypWnf,rllt__details 2,rllt__details 3,rISBZc src,gqguwf,yYlJEf href,BSaJxc,vzRMeAg4Oi8__kl-trunc-name,sBhnyP5sXkG__rtng,sBhnyP5sXkG__number-of-reviews,yYlJEf href 2,UbRuwe
GT Lock and Key,· Locksmith,4.8,(24),3+ years in business,Open ⋅ Closes 9PM · +1 403-835-4576,https://lh3.googleusercontent.com/a/default-user=s40-cc,"""Garry is the best locksmith in Calgary!""",http://www.gtlockandkey.ca/,Website,,,,,
Pop-A-Lock Edmonton,· Locksmith,4.8,(46),3+ years in business,Open ⋅ Closes 5PM · +1 587-672-5625,https://lh3.googleusercontent.com/a/default-user=s40-cc,"""I am in Ontario and needed my condo locks changed in Edmonton.""",https://popalock.ca/edmonton/,Website,,,,,
Active Lock & Safe Ltd,· Locksmith,4.6,(142),"10+ years in business · Lethbridge, AB, Canada",Open ⋅ Closes 5PM · +1 403-329-1026,https://lh3.googleusercontent.com/a/default-user=s40-cc,"""The lock Smith went above and beyond.""",http://www.activelockandsafe.com/,Website,Active Lock & Safe Ltd,"4,6",(142),"https://www.google.com/search?rlz=1C1VDKB_enBD991BD991&tbs=lf:1,lf_ui:14&tbm=lcl&sxsrf=APq-WBtVBwtXwaY2sBSYDlNgQl-7IiCc3g:1648481234693&q=Locksmith+in+alberta+,canada&rflfq=1&num=10&sa=X&ved=2ahUKEwj5mqaTj-n2AhWfg_0HHc9-AvcQjGp6BAgDEF8&cshid=1648481330442234&biw=1280&bih=569&dpr=1.5#",Directions
Dial Locksmith Ltd,· Locksmith,4.4,(103),"10+ years in business · Edmonton, AB, Canada",Open ⋅ Closes 5:30PM · +1 780-420-6664,https://lh3.googleusercontent.com/a/default-user=s40-cc,"""Best place in Edmonton for all your locksmith needs!""",http://www.diallocksmith.ca/,Website,Dial Locksmith Ltd,"4,4",(103),"https://www.google.com/search?rlz=1C1VDKB_enBD991BD991&tbs=lf:1,lf_ui:14&tbm=lcl&sxsrf=APq-WBtVBwtXwaY2sBSYDlNgQl-7IiCc3g:1648481234693&q=Locksmith+in+alberta+,canada&rflfq=1&num=10&sa=X&ved=2ahUKEwj5mqaTj-n2AhWfg_0HHc9-AvcQjGp6BAgDEF8&cshid=1648481330442234&biw=1280&bih=569&dpr=1.5#",Directions
Alberta Lock Solid,· Locksmith,4.5,(116),"10+ years in business · Edmonton, AB, Canada",Open ⋅ Closes 4:30PM · +1 877-479-5522,https://lh3.googleusercontent.com/a/default-user=s40-cc,"""I strongly recommend Alberta Lock Solid!""",http://www.albertalocksolid.com/,Website,Alberta Lock Solid,"4,5",(116),"https://www.google.com/search?rlz=1C1VDKB_enBD991BD991&tbs=lf:1,lf_ui:14&tbm=lcl&sxsrf=APq-WBtVBwtXwaY2sBSYDlNgQl-7IiCc3g:1648481234693&q=Locksmith+in+alberta+,canada&rflfq=1&num=10&sa=X&ved=2ahUKEwj5mqaTj-n2AhWfg_0HHc9-AvcQjGp6BAgDEF8&cshid=1648481330442234&biw=1280&bih=569&dpr=1.5#",Directions
Next Door Locksmith,· Locksmith,4.4,(108),7+ years in business,Open 24 hours · +1 587-747-2656,https://lh3.googleusercontent.com/a/default-user=s40-cc,"""Other locksmiths did not want to arrive late evening.""",http://nextdoorlocksmith.ca/,Website,,,,,
Western Lock & Key,· Locksmith,4.7,(50),"7+ years in business · Edmonton, AB, Canada",Open ⋅ Closes 5PM · +1 780-436-9077,https://lh3.googleusercontent.com/a/default-user=s40-cc,"""I will continue to return for any lock or key related work in the future.""",http://www.westernlockandkey.ca/,Website,Western Lock & Key,"4,7",(50),"https://www.google.com/search?rlz=1C1VDKB_enBD991BD991&tbs=lf:1,lf_ui:14&tbm=lcl&sxsrf=APq-WBtVBwtXwaY2sBSYDlNgQl-7IiCc3g:1648481234693&q=Locksmith+in+alberta+,canada&rflfq=1&num=10&sa=X&ved=2ahUKEwj5mqaTj-n2AhWfg_0HHc9-AvcQjGp6BAgDEF8&cshid=1648481330442234&biw=1280&bih=569&dpr=1.5#",Directions
Aegis Locksmiths,· Locksmith,4.5,(119),"10+ years in business · Edmonton, AB, Canada",Open ⋅ Closes 5PM · +1 780-465-0182,https://lh3.googleusercontent.com/a/default-user=s40-cc,"""Friendly, professional, and good quality locks.""",https://www.aegislocksmith.ca/,Website,Aegis Locksmiths,"4,5",(119),"https://www.google.com/search?rlz=1C1VDKB_enBD991BD991&tbs=lf:1,lf_ui:14&tbm=lcl&sxsrf=APq-WBtVBwtXwaY2sBSYDlNgQl-7IiCc3g:1648481234693&q=Locksmith+in+alberta+,canada&rflfq=1&num=10&sa=X&ved=2ahUKEwj5mqaTj-n2AhWfg_0HHc9-AvcQjGp6BAgDEF8&cshid=1648481330442234&biw=1280&bih=569&dpr=1.5#",Directions
Edmonton Lock & Safe Inc,· Locksmith,4.9,(86),"10+ years in business · Edmonton, AB, Canada",Open ⋅ Closes 5PM · +1 780-433-9444,https://lh3.googleusercontent.com/a/default-user=s40-cc,"""Edmonton Lock & Safe is my new go-to for any key/lock issues/solutions.""",https://edmontonlock.com/,Website,Edmonton Lock & Safe Inc,"4,9",(86),"https://www.google.com/search?rlz=1C1VDKB_enBD991BD991&tbs=lf:1,lf_ui:14&tbm=lcl&sxsrf=APq-WBtVBwtXwaY2sBSYDlNgQl-7IiCc3g:1648481234693&q=Locksmith+in+alberta+,canada&rflfq=1&num=10&sa=X&ved=2ahUKEwj5mqaTj-n2AhWfg_0HHc9-AvcQjGp6BAgDEF8&cshid=1648481330442234&biw=1280&bih=569&dpr=1.5#",Directions
Royal Lock & Key,· Locksmith,4.6,(126),"10+ years in business · Edmonton, AB, Canada",Open ⋅ Closes 5:30PM · +1 780-435-5352,https://lh3.googleusercontent.com/a/default-user=s40-cc,"""Royal Lock has been my go to Locksmith for years.""",https://royallock.net/,Website,Royal Lock & Key,"4,6",(126),"https://www.google.com/search?rlz=1C1VDKB_enBD991BD991&tbs=lf:1,lf_ui:14&tbm=lcl&sxsrf=APq-WBtVBwtXwaY2sBSYDlNgQl-7IiCc3g:1648481234693&q=Locksmith+in+alberta+,canada&rflfq=1&num=10&sa=X&ved=2ahUKEwj5mqaTj-n2AhWfg_0HHc9-AvcQjGp6BAgDEF8&cshid=1648481330442234&biw=1280&bih=569&dpr=1.5#",Directions
Red Deer Lock & Safe Ltd.,· Locksmith,4.5,(116),"40+ years in business · Red Deer, AB, Canada",Open ⋅ Closes 5PM · +1 403-343-1391,https://lh3.googleusercontent.com/a/default-user=s40-cc,"""Great service with a quick turn around.""",http://reddeerlock.com/,Website,Red Deer Lock & Safe Ltd.,"4,5",(116),"https://www.google.com/search?rlz=1C1VDKB_enBD991BD991&tbs=lf:1,lf_ui:14&tbm=lcl&sxsrf=APq-WBtVBwtXwaY2sBSYDlNgQl-7IiCc3g:1648481234693&q=Locksmith+in+alberta+,canada&rflfq=1&num=10&sa=X&ved=2ahUKEwj5mqaTj-n2AhWfg_0HHc9-AvcQjGp6BAgDEF8&cshid=1648481330442234&biw=1280&bih=569&dpr=1.5#",Directions
Beaumont Locksmith,· Locksmith,4.7,(14),"10+ years in business · Beaumont, AB, Canada",Open ⋅ Closes 9:30PM · +1 587-760-3187,https://lh3.googleusercontent.com/a/default-user=s40-cc,"""They gave us a budget-friendly locksmith service.""",,,Beaumont Locksmith,"4,7",(14),"https://www.google.com/search?rlz=1C1VDKB_enBD991BD991&tbs=lf:1,lf_ui:14&tbm=lcl&sxsrf=APq-WBtVBwtXwaY2sBSYDlNgQl-7IiCc3g:1648481234693&q=Locksmith+in+alberta+,canada&rflfq=1&num=10&sa=X&ved=2ahUKEwj5mqaTj-n2AhWfg_0HHc9-AvcQjGp6BAgDEF8&cshid=1648481330442234&biw=1280&bih=569&dpr=1.5#",Directions
Safe & lock Solutions Inc.,· Locksmith,5.0,(27),"7+ years in business · Nisku, AB, Canada",Open ⋅ Closes 5PM · +1 780-955-1911,https://lh3.googleusercontent.com/a/default-user=s40-cc,"""If we ever need a locksmith again, we know who to call.""",http://safelocksolutions.ca/,Website,Safe & lock Solutions Inc.,"5,0",(27),"https://www.google.com/search?rlz=1C1VDKB_enBD991BD991&tbs=lf:1,lf_ui:14&tbm=lcl&sxsrf=APq-WBtVBwtXwaY2sBSYDlNgQl-7IiCc3g:1648481234693&q=Locksmith+in+alberta+,canada&rflfq=1&num=10&sa=X&ved=2ahUKEwj5mqaTj-n2AhWfg_0HHc9-AvcQjGp6BAgDEF8&cshid=1648481330442234&biw=1280&bih=569&dpr=1.5#",Directions
Lang Locksmiths Ltd,· Locksmith,4.6,(27),"10+ years in business · Edmonton, AB, Canada",Open ⋅ Closes 4:30PM · +1 780-465-6401,https://lh3.googleusercontent.com/a/default-user=s40-cc,"""Best locksmith company in Edmonton, hands down !""",http://langlocks.com/,Website,Lang Locksmiths Ltd,"4,6",(27),"https://www.google.com/search?rlz=1C1VDKB_enBD991BD991&tbs=lf:1,lf_ui:14&tbm=lcl&sxsrf=APq-WBtVBwtXwaY2sBSYDlNgQl-7IiCc3g:1648481234693&q=Locksmith+in+alberta+,canada&rflfq=1&num=10&sa=X&ved=2ahUKEwj5mqaTj-n2AhWfg_0HHc9-AvcQjGp6BAgDEF8&cshid=1648481330442234&biw=1280&bih=569&dpr=1.5#",Directions
Fineline Locksmithing,· Locksmith,4.9,(85),5+ years in business,Open ⋅ Closes 5PM · +1 780-257-0778,,,http://www.finelinelocksmithing.ca/,Website,,,,,
Airdrie Locksmith,· Locksmith,4.7,(35),"15+ years in business · Airdrie, AB, Canada · In Co-op Sierra Springs",Open ⋅ Closes 10PM · +1 403-668-7434,https://lh3.googleusercontent.com/a/default-user=s40-cc,"""Best locksmith company in the city!""",http://www.airdrieablocksmiths.ca/,Website,Airdrie Locksmith,"4,7",(35),"https://www.google.com/search?rlz=1C1VDKB_enBD991BD991&tbs=lf:1,lf_ui:14&tbm=lcl&sxsrf=APq-WBtVBwtXwaY2sBSYDlNgQl-7IiCc3g:1648481234693&q=Locksmith+in+alberta+,canada&rflfq=1&num=10&sa=X&ved=2ahUKEwj5mqaTj-n2AhWfg_0HHc9-AvcQjGp6BAgDEF8&cshid=1648481330442234&biw=1280&bih=569&dpr=1.5#",Directions
Calgary Lock & Safe,· Locksmith,4.7,(482),"35+ years in business · Calgary, AB, Canada",Open 24 hours · +1 403-250-5698,https://lh3.googleusercontent.com/a/default-user=s40-cc,"""Best locksmiths in Calgary and surrounding area""",http://www.calgarylockandsafe.com/,Website,Calgary Lock & Safe,"4,7",(482),"https://www.google.com/search?rlz=1C1VDKB_enBD991BD991&tbs=lf:1,lf_ui:14&tbm=lcl&sxsrf=APq-WBtVBwtXwaY2sBSYDlNgQl-7IiCc3g:1648481234693&q=Locksmith+in+alberta+,canada&rflfq=1&num=10&sa=X&ved=2ahUKEwj5mqaTj-n2AhWfg_0HHc9-AvcQjGp6BAgDEF8&cshid=1648481330442234&biw=1280&bih=569&dpr=1.5#",Directions
Stronghold Locksmith,· Locksmith,5.0,(64),"3+ years in business · Canmore, AB, Canada",Open 24 hours · +1 403-493-5625,https://lh3.googleusercontent.com/a/default-user=s40-cc,"""Best locksmith in the Bow Valley, super professional and great service!""",https://www.strongholdlocksmith.com/,Website,Stronghold Locksmith,"5,0",(64),"https://www.google.com/search?rlz=1C1VDKB_enBD991BD991&tbs=lf:1,lf_ui:14&tbm=lcl&sxsrf=APq-WBtVBwtXwaY2sBSYDlNgQl-7IiCc3g:1648481234693&q=Locksmith+in+alberta+,canada&rflfq=1&num=10&sa=X&ved=2ahUKEwj5mqaTj-n2AhWfg_0HHc9-AvcQjGp6BAgDEF8&cshid=1648481330442234&biw=1280&bih=569&dpr=1.5#",Directions
The Key Hole,· Locksmith,4.6,(60),"7+ years in business · Red Deer, AB, Canada",Open ⋅ Closes 5PM · +1 403-343-6644,https://lh3.googleusercontent.com/a/default-user=s40-cc,"""Awesome and super knowledgeable staff""",,,The Key Hole,"4,6",(60),"https://www.google.com/search?rlz=1C1VDKB_enBD991BD991&tbs=lf:1,lf_ui:14&tbm=lcl&sxsrf=APq-WBtVBwtXwaY2sBSYDlNgQl-7IiCc3g:1648481234693&q=Locksmith+in+alberta+,canada&rflfq=1&num=10&sa=X&ved=2ahUKEwj5mqaTj-n2AhWfg_0HHc9-AvcQjGp6BAgDEF8&cshid=1648481330442234&biw=1280&bih=569&dpr=1.5#",Directions
Action Security Locksmiths,· Locksmith,4.6,(75),"30+ years in business · Edmonton, AB, Canada",Open ⋅ Closes 5PM · +1 780-451-9292,https://lh3.googleusercontent.com/a/default-user=s40-cc,"""One should come here instead of going to places like home depot, etc.""",http://www.actionsecuritylock.com/,Website,Action Security Locksmiths,"4,6",(75),"https://www.google.com/search?rlz=1C1VDKB_enBD991BD991&tbs=lf:1,lf_ui:14&tbm=lcl&sxsrf=APq-WBtVBwtXwaY2sBSYDlNgQl-7IiCc3g:1648481234693&q=Locksmith+in+alberta+,canada&rflfq=1&num=10&sa=X&ved=2ahUKEwj5mqaTj-n2AhWfg_0HHc9-AvcQjGp6BAgDEF8&cshid=1648481330442234&biw=1280&bih=569&dpr=1.5#",Directions
,,,,,,,,,,,,,,
The Key Hole,· Locksmith,4.6,(60),"7+ years in business · Red Deer, AB, Canada",Open ⋅ Closes 5PM · +1 403-343-6644,https://lh3.googleusercontent.com/a/default-user=s40-cc,"""Awesome and super knowledgeable staff""",,,The Key Hole,"4,6",(60),"https://www.google.com/search?rlz=1C1VDKB_enBD991BD991&tbs=lf:1,lf_ui:14&tbm=lcl&sxsrf=APq-WBtVBwtXwaY2sBSYDlNgQl-7IiCc3g:1648481234693&q=Locksmith+in+alberta+,canada&rflfq=1&num=10&sa=X&ved=2ahUKEwj5mqaTj-n2AhWfg_0HHc9-AvcQjGp6BAgDEF8&cshid=1648481330442234&biw=1280&bih=569&dpr=1.5#",Directions
Omega Locksmith LTD,· Locksmith,4.6,(237),"5+ years in business · Edmonton, AB, Canada · In Parsons Centre",Open 24 hours · +1 780-577-1764,https://lh3.googleusercontent.com/a/default-user=s40-cc,"""The best locksmith in town""",https://www.omegalocksmith.ca/,Website,Omega Locksmith LTD,"4,6",(237),"https://www.google.com/search?rlz=1C1VDKB_enBD991BD991&tbs=lf:1,lf_ui:14&tbm=lcl&sxsrf=APq-WBtVBwtXwaY2sBSYDlNgQl-7IiCc3g:1648481234693&q=Locksmith+in+alberta+,canada&rflfq=1&num=10&sa=X&ved=2ahUKEwj5mqaTj-n2AhWfg_0HHc9-AvcQjGp6BAgDEF8&cshid=1648481330442234&biw=1280&bih=569&dpr=1.5#",Directions
Alberta Lock,· Emergency locksmith service,4.9,(45),"Calgary, AB, Canada",Open 24 hours · +1 587-839-5625,https://lh3.googleusercontent.com/a/default-user=s40-cc,"""Had to call Alberta locks at 1:00am due to locking myself out of my home.""",http://albertalock.ca/,Website,Alberta Lock,"4,9",(45),"https://www.google.com/search?rlz=1C1VDKB_enBD991BD991&tbs=lf:1,lf_ui:14&tbm=lcl&sxsrf=APq-WBtVBwtXwaY2sBSYDlNgQl-7IiCc3g:1648481234693&q=Locksmith+in+alberta+,canada&rflfq=1&num=10&sa=X&ved=2ahUKEwj5mqaTj-n2AhWfg_0HHc9-AvcQjGp6BAgDEF8&cshid=1648481330442234&biw=1280&bih=569&dpr=1.5#",Directions
All-Lock-Rescue Ltd,· Locksmith,4.6,(120),"30+ years in business · Edmonton, AB, Canada",Open ⋅ Closes 5:30PM · +1 780-447-5625,https://lh3.googleusercontent.com/a/default-user=s40-cc,"""They're the only locksmith service we use.""",http://www.all-lock.com/,Website,All-Lock-Rescue Ltd,"4,6",(120),"https://www.google.com/search?rlz=1C1VDKB_enBD991BD991&tbs=lf:1,lf_ui:14&tbm=lcl&sxsrf=APq-WBtVBwtXwaY2sBSYDlNgQl-7IiCc3g:1648481234693&q=Locksmith+in+alberta+,canada&rflfq=1&num=10&sa=X&ved=2ahUKEwj5mqaTj-n2AhWfg_0HHc9-AvcQjGp6BAgDEF8&cshid=1648481330442234&biw=1280&bih=569&dpr=1.5#",Directions
Darryl's Lock & Key,· Locksmith,5.0,(20),3+ years in business,+1 403-527-5791,https://lh3.googleusercontent.com/a/default-user=s40-cc,"""Would recommend  him to anyone in need of a locksmith!!""",,,,,,,
Airdrie Lock & Key,· Locksmith,4.6,(61),"10+ years in business · Airdrie, AB, Canada",Open ⋅ Closes 4:30PM · +1 403-948-4500,https://lh3.googleusercontent.com/a/default-user=s40-cc,"""Much better then cheap locks from big box stores.""",https://www.airdrielockandkey.ca/,Website,Airdrie Lock & Key,"4,6",(61),"https://www.google.com/search?rlz=1C1VDKB_enBD991BD991&tbs=lf:1,lf_ui:14&tbm=lcl&sxsrf=APq-WBtVBwtXwaY2sBSYDlNgQl-7IiCc3g:1648481234693&q=Locksmith+in+alberta+,canada&rflfq=1&num=10&sa=X&ved=2ahUKEwj5mqaTj-n2AhWfg_0HHc9-AvcQjGp6BAgDEF8&cshid=1648481330442234&biw=1280&bih=569&dpr=1.5#",Directions
Locksmith Airdrie,· Locksmith,4.7,(33),15+ years in business,Open ⋅ Closes 9:30PM · +1 403-668-6578,https://lh3.googleusercontent.com/a/default-user=s40-cc,"""I’ll make sure to recommend this locksmith company to my friends.""",http://www.locksmithairdrie.ca/,Website,,,,,
Bow Valley Locksmithing,· Locksmith,4.0,(20),7+ years in business,Open ⋅ Closes 5PM · +1 403-762-5625,,,http://bowvalleylocksmith.com/,Website,,,,,
Roger's Lock Ltd,· Locksmith,4.7,(15),"45+ years in business · Peace River, AB, Canada",Open ⋅ Closes 12PM · +1 780-624-2050,https://lh3.googleusercontent.com/a/default-user=s40-cc,"""Being the only and best locksmith in town..""",,,Roger's Lock Ltd,"4,7",(15),"https://www.google.com/search?rlz=1C1VDKB_enBD991BD991&tbs=lf:1,lf_ui:14&tbm=lcl&sxsrf=APq-WBtVBwtXwaY2sBSYDlNgQl-7IiCc3g:1648481234693&q=Locksmith+in+alberta+,canada&rflfq=1&num=10&sa=X&ved=2ahUKEwj5mqaTj-n2AhWfg_0HHc9-AvcQjGp6BAgDEF8&cshid=1648481330442234&biw=1280&bih=569&dpr=1.5#",Directions
ABOE Lockworks Ltd.,· Locksmith,4.7,(126),"40+ years in business · Calgary, AB, Canada",Open ⋅ Closes 5PM · +1 403-230-5625,https://lh3.googleusercontent.com/a/default-user=s40-cc,"""Absolutely the best locksmith company in calgary.""",http://www.aboelockworks.ca/,Website,ABOE Lockworks Ltd.,"4,7",(126),"https://www.google.com/search?rlz=1C1VDKB_enBD991BD991&tbs=lf:1,lf_ui:14&tbm=lcl&sxsrf=APq-WBtVBwtXwaY2sBSYDlNgQl-7IiCc3g:1648481234693&q=Locksmith+in+alberta+,canada&rflfq=1&num=10&sa=X&ved=2ahUKEwj5mqaTj-n2AhWfg_0HHc9-AvcQjGp6BAgDEF8&cshid=1648481330442234&biw=1280&bih=569&dpr=1.5#",Directions
Keyway Security Locksmiths Ltd.,· Locksmith,4.6,(35),"5+ years in business · Medicine Hat, AB, Canada",Open ⋅ Closes 12PM · +1 403-526-4322,https://lh3.googleusercontent.com/a/default-user=s40-cc,"""Had 5 entry locks keyed alike and everything works perfectly!""",http://www.keywaylocks.ca/,Website,Keyway Security Locksmiths Ltd.,"4,6",(35),"https://www.google.com/search?rlz=1C1VDKB_enBD991BD991&tbs=lf:1,lf_ui:14&tbm=lcl&sxsrf=APq-WBtVBwtXwaY2sBSYDlNgQl-7IiCc3g:1648481234693&q=Locksmith+in+alberta+,canada&rflfq=1&num=10&sa=X&ved=2ahUKEwj5mqaTj-n2AhWfg_0HHc9-AvcQjGp6BAgDEF8&cshid=1648481330442234&biw=1280&bih=569&dpr=1.5#",Directions
Fortification Security Solutions,· Locksmith,5.0,(12),3+ years in business,Open ⋅ Closes 7PM · +1 780-868-6066,https://lh3.googleusercontent.com/a/default-user=s40-cc,"""Fastest and friendliest licensed mobile locksmith in Edmonton.""",https://fortificationsecurity.solutions/,Website,,,,,
Mr. Locksmith Calgary,· Locksmith,3.9,(21),7+ years in business,Open 24 hours · +1 403-800-9185,,,http://mrlocksmithcalgary.com/,Website,,,,,
Locksmith prof,· Locksmith,5.0,(45),"Calgary, AB, Canada",Open ⋅ Closes 6PM · +1 403-714-7709,https://lh3.googleusercontent.com/a/default-user=s40-cc,"""I would recommend Locksmith prof for all there services.""",http://www.locksmithprof.ca/,Website,Locksmith prof,"5,0",(45),"https://www.google.com/search?rlz=1C1VDKB_enBD991BD991&tbs=lf:1,lf_ui:14&tbm=lcl&sxsrf=APq-WBtVBwtXwaY2sBSYDlNgQl-7IiCc3g:1648481234693&q=Locksmith+in+alberta+,canada&rflfq=1&num=10&sa=X&ved=2ahUKEwj5mqaTj-n2AhWfg_0HHc9-AvcQjGp6BAgDEF8&cshid=1648481330442234&biw=1280&bih=569&dpr=1.5#",Directions
Charlie´s Security,· Locksmith,4.5,(31),"7+ years in business · Fort McMurray, AB, Canada · In river pointe",Open 24 hours · +1 780-743-2462,https://lh3.googleusercontent.com/a/default-user=s40-cc,"""Best locksmith in town, hands down!""",https://charliessecurity.com/,Website,Charlie´s Security,"4,5",(31),"https://www.google.com/search?rlz=1C1VDKB_enBD991BD991&tbs=lf:1,lf_ui:14&tbm=lcl&sxsrf=APq-WBtVBwtXwaY2sBSYDlNgQl-7IiCc3g:1648481234693&q=Locksmith+in+alberta+,canada&rflfq=1&num=10&sa=X&ved=2ahUKEwj5mqaTj-n2AhWfg_0HHc9-AvcQjGp6BAgDEF8&cshid=1648481330442234&biw=1280&bih=569&dpr=1.5#",Directions
Certified Locksmith St. Albert,· Locksmith,5.0,(11),10+ years in business,Open ⋅ Closes 9:30PM · +1 587-760-3212,https://lh3.googleusercontent.com/a/default-user=s40-cc,"""A top-quality locksmith service.""",https://certifiedlocksmithstalbert.business.site/?utm_source=gmb&utm_medium=referral,Website,,,,,
Cassady's Lock & Key Ltd,· Locksmith,4.8,(10),"7+ years in business · Camrose, AB, Canada",Open ⋅ Closes 5PM · +1 780-672-9499,,,http://cassadyslock.com/,Website,Cassady's Lock & Key Ltd,"4,8",(10),"https://www.google.com/search?rlz=1C1VDKB_enBD991BD991&tbs=lf:1,lf_ui:14&tbm=lcl&sxsrf=APq-WBtVBwtXwaY2sBSYDlNgQl-7IiCc3g:1648481234693&q=Locksmith+in+alberta+,canada&rflfq=1&num=10&sa=X&ved=2ahUKEwj5mqaTj-n2AhWfg_0HHc9-AvcQjGp6BAgDEF8&cshid=1648481330442234&biw=1280&bih=569&dpr=1.5#",Directions
Always Affordable Always Available Locksmiths Ltd,· Locksmith,4.5,(288),"25+ years in business · Calgary, AB, Canada",Open ⋅ Closes 5PM · +1 403-272-8923,https://lh3.googleusercontent.com/a/default-user=s40-cc,"""The most reliable and economical lock smith business in Calgary.""",http://www.affordablelocksmiths.com/,Website,Always Affordable Always Available Locksmiths Ltd,"4,5",(288),"https://www.google.com/search?rlz=1C1VDKB_enBD991BD991&tbs=lf:1,lf_ui:14&tbm=lcl&sxsrf=APq-WBtVBwtXwaY2sBSYDlNgQl-7IiCc3g:1648481234693&q=Locksmith+in+alberta+,canada&rflfq=1&num=10&sa=X&ved=2ahUKEwj5mqaTj-n2AhWfg_0HHc9-AvcQjGp6BAgDEF8&cshid=1648481330442234&biw=1280&bih=569&dpr=1.5#",Directions
Spruce Grove Locksmith Masters,· Locksmith,4.1,(22),"15+ years in business · Spruce Grove, AB, Canada",Open ⋅ Closes 9:30PM · +1 587-760-3224,https://lh3.googleusercontent.com/a/default-user=s40-cc,"""I highly recommend these guys to anyone needing reliable locksmith service.""",,,Spruce Grove Locksmith Masters,"4,1",(22),"https://www.google.com/search?rlz=1C1VDKB_enBD991BD991&tbs=lf:1,lf_ui:14&tbm=lcl&sxsrf=APq-WBtVBwtXwaY2sBSYDlNgQl-7IiCc3g:1648481234693&q=Locksmith+in+alberta+,canada&rflfq=1&num=10&sa=X&ved=2ahUKEwj5mqaTj-n2AhWfg_0HHc9-AvcQjGp6BAgDEF8&cshid=1648481330442234&biw=1280&bih=569&dpr=1.5#",Directions
Ability Lock & Safe Ltd.,· Locksmith,4.3,(112),"35+ years in business · Calgary, AB, Canada",Open ⋅ Closes 5PM · +1 403-248-0008,https://lh3.googleusercontent.com/a/default-user=s40-cc,"""Quick, professional and super friendly!""",http://abilitylock.ca/,Website,Ability Lock & Safe Ltd.,"4,3",(112),"https://www.google.com/search?rlz=1C1VDKB_enBD991BD991&tbs=lf:1,lf_ui:14&tbm=lcl&sxsrf=APq-WBtVBwtXwaY2sBSYDlNgQl-7IiCc3g:1648481234693&q=Locksmith+in+alberta+,canada&rflfq=1&num=10&sa=X&ved=2ahUKEwj5mqaTj-n2AhWfg_0HHc9-AvcQjGp6BAgDEF8&cshid=1648481330442234&biw=1280&bih=569&dpr=1.5#",Directions
Head's Lock & Key Works Ltd,· Locksmith,4.6,(111),"7+ years in business · Calgary, AB, Canada",Open ⋅ Closes 5PM · +1 403-243-2032,https://lh3.googleusercontent.com/a/default-user=s40-cc,"""Best locksmiths in Calgary!""",,,Head's Lock & Key Works Ltd,"4,6",(111),"https://www.google.com/search?rlz=1C1VDKB_enBD991BD991&tbs=lf:1,lf_ui:14&tbm=lcl&sxsrf=APq-WBtVBwtXwaY2sBSYDlNgQl-7IiCc3g:1648481234693&q=Locksmith+in+alberta+,canada&rflfq=1&num=10&sa=X&ved=2ahUKEwj5mqaTj-n2AhWfg_0HHc9-AvcQjGp6BAgDEF8&cshid=1648481330442234&biw=1280&bih=569&dpr=1.5#",Directions
SMC Locksmith,· Locksmith,4.3,(115),"3+ years in business · Calgary, AB, Canada",Open 24 hours · +1 403-667-0654,https://lh3.googleusercontent.com/a/default-user=s40-cc,"""I would highly recommend Alexey from Locksmith Services by SMC Calgary.""",https://www.smc-calgary-locksmith.ca/,Website,SMC Locksmith,"4,3",(115),"https://www.google.com/search?rlz=1C1VDKB_enBD991BD991&tbs=lf:1,lf_ui:14&tbm=lcl&sxsrf=APq-WBtVBwtXwaY2sBSYDlNgQl-7IiCc3g:1648481234693&q=Locksmith+in+alberta+,canada&rflfq=1&num=10&sa=X&ved=2ahUKEwj5mqaTj-n2AhWfg_0HHc9-AvcQjGp6BAgDEF8&cshid=1648481330442234&biw=1280&bih=569&dpr=1.5#",Directions
Foothills Locksmiths,· Locksmith,4.6,(22),"Calgary, AB, Canada",Open ⋅ Closes 5PM · +1 403-279-0561,,,http://www.foothillslocksmiths.ca/,Website,Foothills Locksmiths,"4,6",(22),"https://www.google.com/search?rlz=1C1VDKB_enBD991BD991&tbs=lf:1,lf_ui:14&tbm=lcl&sxsrf=APq-WBtVBwtXwaY2sBSYDlNgQl-7IiCc3g:1648481234693&q=Locksmith+in+alberta+,canada&rflfq=1&num=10&sa=X&ved=2ahUKEwj5mqaTj-n2AhWfg_0HHc9-AvcQjGp6BAgDEF8&cshid=1648481330442234&biw=1280&bih=569&dpr=1.5#",Directions
PLS Security,· Locksmith,4.4,(36),"10+ years in business · Fort McMurray, AB, Canada",Open 24 hours · +1 780-791-1489,,,http://www.plssecurity.com/,Website,PLS Security,"4,4",(36),"https://www.google.com/search?rlz=1C1VDKB_enBD991BD991&tbs=lf:1,lf_ui:14&tbm=lcl&sxsrf=APq-WBtVBwtXwaY2sBSYDlNgQl-7IiCc3g:1648481234693&q=Locksmith+in+alberta+,canada&rflfq=1&num=10&sa=X&ved=2ahUKEwj5mqaTj-n2AhWfg_0HHc9-AvcQjGp6BAgDEF8&cshid=1648481330442234&biw=1280&bih=569&dpr=1.5#",Directions
Minute Key,· Locksmith,4.7,(25),"3+ years in business · Calgary, AB, Canada · In Shawnessy Shopping Centre",Open ⋅ Closes 11PM · +1 800-539-7571,,,https://www.minutekey.com/key-services/alberta/calgary/locksmith-key-copy-duplication-100-310-shawville-blvd-s-e-/26656/?utm_campaign=gmb-website&utm_source=google&utm_medium=organic,Website,Minute Key,"4,7",(25),"https://www.google.com/search?rlz=1C1VDKB_enBD991BD991&tbs=lf:1,lf_ui:14&tbm=lcl&sxsrf=APq-WBtVBwtXwaY2sBSYDlNgQl-7IiCc3g:1648481234693&q=Locksmith+in+alberta+,canada&rflfq=1&num=10&sa=X&ved=2ahUKEwj5mqaTj-n2AhWfg_0HHc9-AvcQjGp6BAgDEF8&cshid=1648481330442234&biw=1280&bih=569&dpr=1.5#",Directions
Master Locksmiths,· Locksmith,3.5,(59),"10+ years in business · Edmonton, AB, Canada",Open ⋅ Closes 5PM · +1 780-474-9011,https://lh3.googleusercontent.com/a/default-user=s40-cc,"""Norma has a wealth of experience in the locksmithing business.""",http://www.masterlocksmiths.ca/,Website,Master Locksmiths,"3,5",(59),"https://www.google.com/search?rlz=1C1VDKB_enBD991BD991&tbs=lf:1,lf_ui:14&tbm=lcl&sxsrf=APq-WBtVBwtXwaY2sBSYDlNgQl-7IiCc3g:1648481234693&q=Locksmith+in+alberta+,canada&rflfq=1&num=10&sa=X&ved=2ahUKEwj5mqaTj-n2AhWfg_0HHc9-AvcQjGp6BAgDEF8&cshid=1648481330442234&biw=1280&bih=569&dpr=1.5#",Directions
Calgary Lock Services,· Locksmith,5.0,(26),"Calgary, AB, Canada",Open 24 hours · +1 403-870-4095,https://lh3.googleusercontent.com/a/default-user=s40-cc,"""Highly recommend Calgary Lock Services""",https://calgarylockservices.com/,Website,Calgary Lock Services,"5,0",(26),"https://www.google.com/search?rlz=1C1VDKB_enBD991BD991&tbs=lf:1,lf_ui:14&tbm=lcl&sxsrf=APq-WBtVBwtXwaY2sBSYDlNgQl-7IiCc3g:1648481234693&q=Locksmith+in+alberta+,canada&rflfq=1&num=10&sa=X&ved=2ahUKEwj5mqaTj-n2AhWfg_0HHc9-AvcQjGp6BAgDEF8&cshid=1648481330442234&biw=1280&bih=569&dpr=1.5#",Directions
David Locksmith Calgary 1982,· Locksmith,4.9,(63),"7+ years in business · Calgary, AB, Canada",Open ⋅ Closes 10PM · +1 403-280-2993,https://lh3.googleusercontent.com/a/default-user=s40-cc,"""Because of COVID, we went to another locksmith and they were closed.""",,,David Locksmith Calgary 1982,"4,9",(63),"https://www.google.com/search?rlz=1C1VDKB_enBD991BD991&tbs=lf:1,lf_ui:14&tbm=lcl&sxsrf=APq-WBtVBwtXwaY2sBSYDlNgQl-7IiCc3g:1648481234693&q=Locksmith+in+alberta+,canada&rflfq=1&num=10&sa=X&ved=2ahUKEwj5mqaTj-n2AhWfg_0HHc9-AvcQjGp6BAgDEF8&cshid=1648481330442234&biw=1280&bih=569&dpr=1.5#",Directions
Chestermere Certified Locksmith,· Locksmith,5.0,(29),15+ years in business,Open ⋅ Closes 9:30PM · +1 403-668-4052,https://lh3.googleusercontent.com/a/default-user=s40-cc,"""The locksmith did an excellent job on our request.""",https://chestermere-certified-locksmith.business.site/?utm_source=gmb&utm_medium=referral,Website,,,,,
Donsdale Locksmith Service,· Locksmith,4.7,(13),"10+ years in business · Edmonton, AB, Canada",Open ⋅ Closes 9:30PM · +1 780-640-1667,https://lh3.googleusercontent.com/a/default-user=s40-cc,"""I will get their services again if I need a locksmith next time.""",,,Donsdale Locksmith Service,"4,7",(13),"https://www.google.com/search?rlz=1C1VDKB_enBD991BD991&tbs=lf:1,lf_ui:14&tbm=lcl&sxsrf=APq-WBtVBwtXwaY2sBSYDlNgQl-7IiCc3g:1648481234693&q=Locksmith+in+alberta+,canada&rflfq=1&num=10&sa=X&ved=2ahUKEwj5mqaTj-n2AhWfg_0HHc9-AvcQjGp6BAgDEF8&cshid=1648481330442234&biw=1280&bih=569&dpr=1.5#",Directions
High Security Locksmith Company,· Locksmith,4.9,(18),"Calgary, AB, Canada",Open ⋅ Closes 4:30PM · +1 403-263-5397,https://lh3.googleusercontent.com/a/default-user=s40-cc,"""Wonderful experience from experienced locksmith.""",http://high-security.ca/,Website,High Security Locksmith Company,"4,9",(18),"https://www.google.com/search?rlz=1C1VDKB_enBD991BD991&tbs=lf:1,lf_ui:14&tbm=lcl&sxsrf=APq-WBtVBwtXwaY2sBSYDlNgQl-7IiCc3g:1648481234693&q=Locksmith+in+alberta+,canada&rflfq=1&num=10&sa=X&ved=2ahUKEwj5mqaTj-n2AhWfg_0HHc9-AvcQjGp6BAgDEF8&cshid=1648481330442234&biw=1280&bih=569&dpr=1.5#",Directions
Key concepts Locksmithing,· Locksmith,4.5,(8),"10+ years in business · Barrhead, AB, Canada",Open ⋅ Closes 5PM · +1 780-305-9425,https://lh3.googleusercontent.com/a/default-user=s40-cc,"""Did a great job in changing our locks.""",http://www.keyconceptslocksmith.ca/,Website,Key concepts Locksmithing,"4,5",(8),"https://www.google.com/search?rlz=1C1VDKB_enBD991BD991&tbs=lf:1,lf_ui:14&tbm=lcl&sxsrf=APq-WBtVBwtXwaY2sBSYDlNgQl-7IiCc3g:1648481234693&q=Locksmith+in+alberta+,canada&rflfq=1&num=10&sa=X&ved=2ahUKEwj5mqaTj-n2AhWfg_0HHc9-AvcQjGp6BAgDEF8&cshid=1648481330442234&biw=1280&bih=569&dpr=1.5#",Directions
Heritage Locksmith,· Locksmith,4.7,(14),"15+ years in business · Edmonton, AB, Canada",Open ⋅ Closes 9:30PM · +1 587-409-1959,https://lh3.googleusercontent.com/a/default-user=s40-cc,"""This company can be relied on for their locksmith services.""",https://heritage-locksmith-locksmith.business.site/?utm_source=gmb&utm_medium=referral,Website,Heritage Locksmith,"4,7",(14),"https://www.google.com/search?rlz=1C1VDKB_enBD991BD991&tbs=lf:1,lf_ui:14&tbm=lcl&sxsrf=APq-WBtVBwtXwaY2sBSYDlNgQl-7IiCc3g:1648481234693&q=Locksmith+in+alberta+,canada&rflfq=1&num=10&sa=X&ved=2ahUKEwj5mqaTj-n2AhWfg_0HHc9-AvcQjGp6BAgDEF8&cshid=1648481330442234&biw=1280&bih=569&dpr=1.5#",Directions
FMI Professional Locksmiths,· Locksmith,4.7,(23),"10+ years in business · Calgary, AB, Canada",Open 24 hours · +1 403-909-0089,,,http://fmilocksmiths.com/,Website,FMI Professional Locksmiths,"4,7",(23),"https://www.google.com/search?rlz=1C1VDKB_enBD991BD991&tbs=lf:1,lf_ui:14&tbm=lcl&sxsrf=APq-WBtVBwtXwaY2sBSYDlNgQl-7IiCc3g:1648481234693&q=Locksmith+in+alberta+,canada&rflfq=1&num=10&sa=X&ved=2ahUKEwj5mqaTj-n2AhWfg_0HHc9-AvcQjGp6BAgDEF8&cshid=1648481330442234&biw=1280&bih=569&dpr=1.5#",Directions
Tip Top Locksmith,· Locksmith,5.0,(3),Open ⋅ Closes 11:30PM · +1 587-602-0553,,,,http://tiptop-locksmith.com/,Website,,,,,
DGS Locksmith & Security,· Locksmith,4.0,(6),"Hinton, AB, Canada",Open ⋅ Closes 5PM · +1 780-865-8032,,,http://www.dgslocksmith.com/,Website,DGS Locksmith & Security,"4,0",(6),"https://www.google.com/search?rlz=1C1VDKB_enBD991BD991&tbs=lf:1,lf_ui:14&tbm=lcl&sxsrf=APq-WBtVBwtXwaY2sBSYDlNgQl-7IiCc3g:1648481234693&q=Locksmith+in+alberta+,canada&rflfq=1&num=10&sa=X&ved=2ahUKEwj5mqaTj-n2AhWfg_0HHc9-AvcQjGp6BAgDEF8&cshid=1648481330442234&biw=1280&bih=569&dpr=1.5#",Directions
Calgary 24/7 Locksmith,· Locksmith,2.0,(151),5+ years in business,Open 24 hours · +1 587-329-5433,https://lh3.googleusercontent.com/a/default-user=s40-cc,"""Calgary Locksmith Services was really great and also very professional.""",http://www.calgary247locksmith.com/,Website,,,,,
Lock Surgeon,· Locksmith,2.1,(259),"30+ years in business · Edmonton, AB, Canada",Open ⋅ Closes 5:30PM · +1 780-448-9243,https://lh3.googleusercontent.com/a/default-user=s40-cc,"""Had lock surgeon install new locks on my house in Calgary.""",https://www.locksurgeon.com/,Website,Lock Surgeon,"2,1",(259),"https://www.google.com/search?rlz=1C1VDKB_enBD991BD991&tbs=lf:1,lf_ui:14&tbm=lcl&sxsrf=APq-WBtVBwtXwaY2sBSYDlNgQl-7IiCc3g:1648481234693&q=Locksmith+in+alberta+,canada&rflfq=1&num=10&sa=X&ved=2ahUKEwj5mqaTj-n2AhWfg_0HHc9-AvcQjGp6BAgDEF8&cshid=1648481330442234&biw=1280&bih=569&dpr=1.5#",Directions
Summit Lock & Safe Ltd,· Locksmith,5.0,(5),"7+ years in business · Edmonton, AB, Canada",Open ⋅ Closes 5PM · +1 780-722-5101,,,http://www.summitlockandsafe.ca/,Website,Summit Lock & Safe Ltd,"5,0",(5),"https://www.google.com/search?rlz=1C1VDKB_enBD991BD991&tbs=lf:1,lf_ui:14&tbm=lcl&sxsrf=APq-WBtVBwtXwaY2sBSYDlNgQl-7IiCc3g:1648481234693&q=Locksmith+in+alberta+,canada&rflfq=1&num=10&sa=X&ved=2ahUKEwj5mqaTj-n2AhWfg_0HHc9-AvcQjGp6BAgDEF8&cshid=1648481330442234&biw=1280&bih=569&dpr=1.5#",Directions
Okotoks Lock & Safe,· Locksmith,5.0,(3),"Okotoks, AB, Canada",Open ⋅ Closes 5PM · +1 403-938-1234,,,,,Okotoks Lock & Safe,"5,0",(3),"https://www.google.com/search?rlz=1C1VDKB_enBD991BD991&tbs=lf:1,lf_ui:14&tbm=lcl&sxsrf=APq-WBtVBwtXwaY2sBSYDlNgQl-7IiCc3g:1648481234693&q=Locksmith+in+alberta+,canada&rflfq=1&num=10&sa=X&ved=2ahUKEwj5mqaTj-n2AhWfg_0HHc9-AvcQjGp6BAgDEF8&cshid=1648481330442234&biw=1280&bih=569&dpr=1.5#",Directions
Minute Key,· Locksmith,4.2,(27),"3+ years in business · Calgary, AB, Canada · In Walmart Supercentre",Open ⋅ Closes 11PM · +1 800-539-7571,,,https://www.minutekey.com/key-services/alberta/calgary/locksmith-key-copy-duplication-1110---57th-avenue-ne/26176/?utm_campaign=gmb-website&utm_source=google&utm_medium=organic,Website,Minute Key,"4,2",(27),"https://www.google.com/search?rlz=1C1VDKB_enBD991BD991&tbs=lf:1,lf_ui:14&tbm=lcl&sxsrf=APq-WBtVBwtXwaY2sBSYDlNgQl-7IiCc3g:1648481234693&q=Locksmith+in+alberta+,canada&rflfq=1&num=10&sa=X&ved=2ahUKEwj5mqaTj-n2AhWfg_0HHc9-AvcQjGp6BAgDEF8&cshid=1648481330442234&biw=1280&bih=569&dpr=1.5#",Directions
Minute Key,· Locksmith,4.5,(15),"3+ years in business · Edmonton, AB, Canada · In the Meadowlark Health and Shopping Centre",Open ⋅ Closes 10PM · +1 800-539-7571,,,https://www.minutekey.com/key-services/alberta/edmonton/locksmith-key-copy-duplication-100-meadowlark-shopping-center/26622/?utm_campaign=gmb-website&utm_source=google&utm_medium=organic,Website,Minute Key,"4,5",(15),"https://www.google.com/search?rlz=1C1VDKB_enBD991BD991&tbs=lf:1,lf_ui:14&tbm=lcl&sxsrf=APq-WBtVBwtXwaY2sBSYDlNgQl-7IiCc3g:1648481234693&q=Locksmith+in+alberta+,canada&rflfq=1&num=10&sa=X&ved=2ahUKEwj5mqaTj-n2AhWfg_0HHc9-AvcQjGp6BAgDEF8&cshid=1648481330442234&biw=1280&bih=569&dpr=1.5#",Directions
Bill's Lock & Saw,· Locksmith,5.0,(1),"10+ years in business · South Baptiste, AB, Canada",+1 780-689-6349,,,,,Bill's Lock & Saw,"5,0",(1),"https://www.google.com/search?rlz=1C1VDKB_enBD991BD991&tbs=lf:1,lf_ui:14&tbm=lcl&sxsrf=APq-WBtVBwtXwaY2sBSYDlNgQl-7IiCc3g:1648481234693&q=Locksmith+in+alberta+,canada&rflfq=1&num=10&sa=X&ved=2ahUKEwj5mqaTj-n2AhWfg_0HHc9-AvcQjGp6BAgDEF8&cshid=1648481330442234&biw=1280&bih=569&dpr=1.5#",Directions
Alberta Car Keys,· Locksmith,3.7,(3),"Leduc, AB, Canada",Open ⋅ Closes 5PM · +1 780-619-7611,https://lh3.googleusercontent.com/a/default-user=s40-cc,"""Fast, knowledgeable, and professional.""",https://albertacarkeys.ca/,Website,Alberta Car Keys,"3,7",(3),"https://www.google.com/search?rlz=1C1VDKB_enBD991BD991&tbs=lf:1,lf_ui:14&tbm=lcl&sxsrf=APq-WBtVBwtXwaY2sBSYDlNgQl-7IiCc3g:1648481234693&q=Locksmith+in+alberta+,canada&rflfq=1&num=10&sa=X&ved=2ahUKEwj5mqaTj-n2AhWfg_0HHc9-AvcQjGp6BAgDEF8&cshid=1648481330442234&biw=1280&bih=569&dpr=1.5#",Directions
Country Locksmith,· Locksmith,5.0,(2),"10+ years in business · Bonnyville, AB, Canada · In CSN JD Collision - Bonnyville",· +1 780-826-8460,,,,,Country Locksmith,"5,0",(2),"https://www.google.com/search?rlz=1C1VDKB_enBD991BD991&tbs=lf:1,lf_ui:14&tbm=lcl&sxsrf=APq-WBtVBwtXwaY2sBSYDlNgQl-7IiCc3g:1648481234693&q=Locksmith+in+alberta+,canada&rflfq=1&num=10&sa=X&ved=2ahUKEwj5mqaTj-n2AhWfg_0HHc9-AvcQjGp6BAgDEF8&cshid=1648481330442234&biw=1280&bih=569&dpr=1.5#",Directions
Minute Key,· Locksmith,3.7,(3),"3+ years in business · Olds, AB, Canada · In Cornerstone Village Residences",Open ⋅ Closes 10PM · +1 800-539-7571,,,https://www.minutekey.com/key-services/alberta/olds/locksmith-key-copy-duplication-6900-46th-street---unit-400/26663/,Website,Minute Key,"3,7",(3),"https://www.google.com/search?rlz=1C1VDKB_enBD991BD991&tbs=lf:1,lf_ui:14&tbm=lcl&sxsrf=APq-WBtVBwtXwaY2sBSYDlNgQl-7IiCc3g:1648481234693&q=Locksmith+in+alberta+,canada&rflfq=1&num=10&sa=X&ved=2ahUKEwj5mqaTj-n2AhWfg_0HHc9-AvcQjGp6BAgDEF8&cshid=1648481330442234&biw=1280&bih=569&dpr=1.5#",Directions
Local Calgary Locksmith,· Emergency locksmith service,5.0,(2),Open 24 hours · +1 403-648-1941,,,,https://localcalgarylocksmiths.ca/,Website,,,,,
Minute Key,· Locksmith,4.3,(24),"3+ years in business · Calgary, AB, Canada · In Lowe's Home Improvement",Open ⋅ Closes 11PM · +1 800-539-7571,https://lh3.googleusercontent.com/a/default-user=s40-cc,"""This is the way to go!""",https://www.minutekey.com/key-services/alberta/calgary/locksmith-key-copy-duplication-9650-macleod-trail/25834/?utm_campaign=gmb-website&utm_source=google&utm_medium=organic,Website,Minute Key,"4,3",(24),"https://www.google.com/search?rlz=1C1VDKB_enBD991BD991&tbs=lf:1,lf_ui:14&tbm=lcl&sxsrf=APq-WBtVBwtXwaY2sBSYDlNgQl-7IiCc3g:1648481234693&q=Locksmith+in+alberta+,canada&rflfq=1&num=10&sa=X&ved=2ahUKEwj5mqaTj-n2AhWfg_0HHc9-AvcQjGp6BAgDEF8&cshid=1648481330442234&biw=1280&bih=569&dpr=1.5#",Directions
Vulcan Locksmith,· Locksmith,5.0,(1),"10+ years in business · Vulcan, AB, Canada",+1 403-485-0876,,,,,Vulcan Locksmith,"5,0",(1),"https://www.google.com/search?rlz=1C1VDKB_enBD991BD991&tbs=lf:1,lf_ui:14&tbm=lcl&sxsrf=APq-WBtVBwtXwaY2sBSYDlNgQl-7IiCc3g:1648481234693&q=Locksmith+in+alberta+,canada&rflfq=1&num=10&sa=X&ved=2ahUKEwj5mqaTj-n2AhWfg_0HHc9-AvcQjGp6BAgDEF8&cshid=1648481330442234&biw=1280&bih=569&dpr=1.5#",Directions
Minute Key,· Locksmith,4.9,(12),"Calgary, AB, Canada · In Royal Oak Centre",Open ⋅ Closes 11PM · +1 800-539-7571,,,https://www.minutekey.com/key-services/alberta/calgary/locksmith-key-copy-duplication--200-8888-country-hills-boulevard/26252/?utm_campaign=gmb-website&utm_source=google&utm_medium=organic,Website,Minute Key,"4,9",(12),"https://www.google.com/search?rlz=1C1VDKB_enBD991BD991&tbs=lf:1,lf_ui:14&tbm=lcl&sxsrf=APq-WBtVBwtXwaY2sBSYDlNgQl-7IiCc3g:1648481234693&q=Locksmith+in+alberta+,canada&rflfq=1&num=10&sa=X&ved=2ahUKEwj5mqaTj-n2AhWfg_0HHc9-AvcQjGp6BAgDEF8&cshid=1648481330442234&biw=1280&bih=569&dpr=1.5#",Directions
ALW Security & Hardware Supply,· Locksmith,4.0,(5),"Edmonton, AB, Canada",Open ⋅ Closes 5PM · +1 780-465-0184,https://lh3.googleusercontent.com/a/default-user=s40-cc,"""... can result in fines or loss of the ability to sell locksmith equipment.""",http://www.alwsecurity.com/,Website,ALW Security & Hardware Supply,"4,0",(5),"https://www.google.com/search?rlz=1C1VDKB_enBD991BD991&tbs=lf:1,lf_ui:14&tbm=lcl&sxsrf=APq-WBtVBwtXwaY2sBSYDlNgQl-7IiCc3g:1648481234693&q=Locksmith+in+alberta+,canada&rflfq=1&num=10&sa=X&ved=2ahUKEwj5mqaTj-n2AhWfg_0HHc9-AvcQjGp6BAgDEF8&cshid=1648481330442234&biw=1280&bih=569&dpr=1.5#",Directions
Minute Key,· Locksmith,1.0,(1),"3+ years in business · Stettler, AB, Canada · In Walmart Supercentre",Open ⋅ Closes 10PM · +1 800-539-7571,,,https://www.minutekey.com/key-services/alberta/stettler/locksmith-key-copy-duplication-4721---70th-street/26731/?utm_campaign=gmb-website&utm_source=google&utm_medium=organic,Website,Minute Key,"1,0",(1),"https://www.google.com/search?rlz=1C1VDKB_enBD991BD991&tbs=lf:1,lf_ui:14&tbm=lcl&sxsrf=APq-WBtVBwtXwaY2sBSYDlNgQl-7IiCc3g:1648481234693&q=Locksmith+in+alberta+,canada&rflfq=1&num=10&sa=X&ved=2ahUKEwj5mqaTj-n2AhWfg_0HHc9-AvcQjGp6BAgDEF8&cshid=1648481330442234&biw=1280&bih=569&dpr=1.5#",Directions
Minute Key,· Locksmith,4.1,(21),"3+ years in business · Calgary, AB, Canada · In East Hills Shopping Centre",Open ⋅ Closes 11PM · +1 800-539-7571,,,https://www.minutekey.com/key-services/alberta/calgary/locksmith-key-copy-duplication-255-east-hills-blvd--se/14179/?utm_campaign=gmb-website&utm_source=google&utm_medium=organic,Website,Minute Key,"4,1",(21),"https://www.google.com/search?rlz=1C1VDKB_enBD991BD991&tbs=lf:1,lf_ui:14&tbm=lcl&sxsrf=APq-WBtVBwtXwaY2sBSYDlNgQl-7IiCc3g:1648481234693&q=Locksmith+in+alberta+,canada&rflfq=1&num=10&sa=X&ved=2ahUKEwj5mqaTj-n2AhWfg_0HHc9-AvcQjGp6BAgDEF8&cshid=1648481330442234&biw=1280&bih=569&dpr=1.5#",Directions
Lakeland Locksmith,· Locksmith,5.0,(1),"7+ years in business · Bonnyville, AB, Canada · In CSN JD Collision - Bonnyville",· +1 780-812-4521,,,,,Lakeland Locksmith,"5,0",(1),"https://www.google.com/search?rlz=1C1VDKB_enBD991BD991&tbs=lf:1,lf_ui:14&tbm=lcl&sxsrf=APq-WBtVBwtXwaY2sBSYDlNgQl-7IiCc3g:1648481234693&q=Locksmith+in+alberta+,canada&rflfq=1&num=10&sa=X&ved=2ahUKEwj5mqaTj-n2AhWfg_0HHc9-AvcQjGp6BAgDEF8&cshid=1648481330442234&biw=1280&bih=569&dpr=1.5#",Directions
Rimbey Lock & Key,No reviews · Locksmith,,,"Rimbey, AB, Canada",Open ⋅ Closes 5PM · +1 403-554-5625,,,http://rimbeylock.com/,Website,Rimbey Lock & Key,,,"https://www.google.com/search?rlz=1C1VDKB_enBD991BD991&tbs=lf:1,lf_ui:14&tbm=lcl&sxsrf=APq-WBtVBwtXwaY2sBSYDlNgQl-7IiCc3g:1648481234693&q=Locksmith+in+alberta+,canada&rflfq=1&num=10&sa=X&ved=2ahUKEwj5mqaTj-n2AhWfg_0HHc9-AvcQjGp6BAgDEF8&cshid=1648481330442234&biw=1280&bih=569&dpr=1.5#",Directions
Eagle Lock & Glass,· Locksmith,4.6,(17),"10+ years in business · Wainwright, AB, Canada",+1 780-842-9134,,,,,Eagle Lock & Glass,"4,6",(17),"https://www.google.com/search?rlz=1C1VDKB_enBD991BD991&tbs=lf:1,lf_ui:14&tbm=lcl&sxsrf=APq-WBtVBwtXwaY2sBSYDlNgQl-7IiCc3g:1648481234693&q=Locksmith+in+alberta+,canada&rflfq=1&num=10&sa=X&ved=2ahUKEwj5mqaTj-n2AhWfg_0HHc9-AvcQjGp6BAgDEF8&cshid=1648481330442234&biw=1280&bih=569&dpr=1.5#",Directions
C.C.Craig Co. Ltd.,· Locksmith,4.5,(12),"Calgary, AB, Canada",Open ⋅ Closes 4:30PM · +1 403-291-1441,https://lh3.googleusercontent.com/a/default-user=s40-cc,"""Great supplier of locks and such.""",https://www.cccraiglock.com/,Website,C.C.Craig Co. Ltd.,"4,5",(12),"https://www.google.com/search?rlz=1C1VDKB_enBD991BD991&tbs=lf:1,lf_ui:14&tbm=lcl&sxsrf=APq-WBtVBwtXwaY2sBSYDlNgQl-7IiCc3g:1648481234693&q=Locksmith+in+alberta+,canada&rflfq=1&num=10&sa=X&ved=2ahUKEwj5mqaTj-n2AhWfg_0HHc9-AvcQjGp6BAgDEF8&cshid=1648481330442234&biw=1280&bih=569&dpr=1.5#",Directions
Minute Key,· Locksmith,5.0,(1),"3+ years in business · Drumheller, AB, Canada · In Walmart",Open ⋅ Closes 9PM · +1 800-539-7571,,,https://www.minutekey.com/key-services/alberta/drumheller/locksmith-key-copy-duplication-1801-south-railway-avenue/26693/?utm_campaign=gmb-website&utm_source=google&utm_medium=organic,Website,Minute Key,"5,0",(1),"https://www.google.com/search?rlz=1C1VDKB_enBD991BD991&tbs=lf:1,lf_ui:14&tbm=lcl&sxsrf=APq-WBtVBwtXwaY2sBSYDlNgQl-7IiCc3g:1648481234693&q=Locksmith+in+alberta+,canada&rflfq=1&num=10&sa=X&ved=2ahUKEwj5mqaTj-n2AhWfg_0HHc9-AvcQjGp6BAgDEF8&cshid=1648481330442234&biw=1280&bih=569&dpr=1.5#",Directions
CC Craig Co Ltd,· Locksmith,4.8,(6),"10+ years in business · Edmonton, AB, Canada",Open ⋅ Closes 4:30PM · +1 780-409-9504,https://lh3.googleusercontent.com/a/default-user=s40-cc,"""Great place for door locks and closers.""",https://cccraiglock.com/,Website,CC Craig Co Ltd,"4,8",(6),"https://www.google.com/search?rlz=1C1VDKB_enBD991BD991&tbs=lf:1,lf_ui:14&tbm=lcl&sxsrf=APq-WBtVBwtXwaY2sBSYDlNgQl-7IiCc3g:1648481234693&q=Locksmith+in+alberta+,canada&rflfq=1&num=10&sa=X&ved=2ahUKEwj5mqaTj-n2AhWfg_0HHc9-AvcQjGp6BAgDEF8&cshid=1648481330442234&biw=1280&bih=569&dpr=1.5#",Directions
Minute Key,· Locksmith,3.5,(2),"Calgary, AB, Canada · In The Home Depot",Open ⋅ Closes 10PM · +1 800-539-7571,,,https://www.minutekey.com/key-services/alberta/calgary/locksmith-key-copy-duplication-1818-16-ave-nw/1344/?utm_campaign=gmb-website&utm_source=google&utm_medium=organic,Website,Minute Key,"3,5",(2),"https://www.google.com/search?rlz=1C1VDKB_enBD991BD991&tbs=lf:1,lf_ui:14&tbm=lcl&sxsrf=APq-WBtVBwtXwaY2sBSYDlNgQl-7IiCc3g:1648481234693&q=Locksmith+in+alberta+,canada&rflfq=1&num=10&sa=X&ved=2ahUKEwj5mqaTj-n2AhWfg_0HHc9-AvcQjGp6BAgDEF8&cshid=1648481330442234&biw=1280&bih=569&dpr=1.5#",Directions
Minute Key,· Locksmith,5.0,(2),"3+ years in business · Strathmore, AB, Canada · In Walmart Supercentre",Open ⋅ Closes 10PM · +1 800-539-7571,,,https://www.minutekey.com/key-services/alberta/strathmore/locksmith-key-copy-duplication-200-ranch-market/26621/?utm_campaign=gmb-website&utm_source=google&utm_medium=organic,Website,Minute Key,"5,0",(2),"https://www.google.com/search?rlz=1C1VDKB_enBD991BD991&tbs=lf:1,lf_ui:14&tbm=lcl&sxsrf=APq-WBtVBwtXwaY2sBSYDlNgQl-7IiCc3g:1648481234693&q=Locksmith+in+alberta+,canada&rflfq=1&num=10&sa=X&ved=2ahUKEwj5mqaTj-n2AhWfg_0HHc9-AvcQjGp6BAgDEF8&cshid=1648481330442234&biw=1280&bih=569&dpr=1.5#",Directions
Len's Towing & Recovery,No reviews · Locksmith,,,"10+ years in business · Vermilion, AB, Canada",· +1 780-853-4019,,,,,Len's Towing & Recovery,,,"https://www.google.com/search?rlz=1C1VDKB_enBD991BD991&tbs=lf:1,lf_ui:14&tbm=lcl&sxsrf=APq-WBtVBwtXwaY2sBSYDlNgQl-7IiCc3g:1648481234693&q=Locksmith+in+alberta+,canada&rflfq=1&num=10&sa=X&ved=2ahUKEwj5mqaTj-n2AhWfg_0HHc9-AvcQjGp6BAgDEF8&cshid=1648481330442234&biw=1280&bih=569&dpr=1.5#",Directions
Gunnebo Canada Inc,· Locksmith,4.0,(1),"3+ years in business · Edmonton, AB, Canada",Open ⋅ Closes 5PM · +1 780-434-8436,,,http://www.gunnebo.ca/,Website,Gunnebo Canada Inc,"4,0",(1),"https://www.google.com/search?rlz=1C1VDKB_enBD991BD991&tbs=lf:1,lf_ui:14&tbm=lcl&sxsrf=APq-WBtVBwtXwaY2sBSYDlNgQl-7IiCc3g:1648481234693&q=Locksmith+in+alberta+,canada&rflfq=1&num=10&sa=X&ved=2ahUKEwj5mqaTj-n2AhWfg_0HHc9-AvcQjGp6BAgDEF8&cshid=1648481330442234&biw=1280&bih=569&dpr=1.5#",Directions
Heartland Glass Ltd,· Locksmith,4.8,(5),"Stettler, AB, Canada",+1 403-742-2665,,,https://www.kohltech.com/locations/heartland-glass/,Website,Heartland Glass Ltd,"4,8",(5),"https://www.google.com/search?rlz=1C1VDKB_enBD991BD991&tbs=lf:1,lf_ui:14&tbm=lcl&sxsrf=APq-WBtVBwtXwaY2sBSYDlNgQl-7IiCc3g:1648481234693&q=Locksmith+in+alberta+,canada&rflfq=1&num=10&sa=X&ved=2ahUKEwj5mqaTj-n2AhWfg_0HHc9-AvcQjGp6BAgDEF8&cshid=1648481330442234&biw=1280&bih=569&dpr=1.5#",Directions
A-1 Towing Inc,· Locksmith,4.9,(85),"15+ years in business · #19, AB, Canada",Open ⋅ Closes 10PM · +1 403-470-8697,,,http://a1towinginc.ca/,Website,A-1 Towing Inc,"4,9",(85),"https://www.google.com/search?rlz=1C1VDKB_enBD991BD991&tbs=lf:1,lf_ui:14&tbm=lcl&sxsrf=APq-WBtVBwtXwaY2sBSYDlNgQl-7IiCc3g:1648481234693&q=Locksmith+in+alberta+,canada&rflfq=1&num=10&sa=X&ved=2ahUKEwj5mqaTj-n2AhWfg_0HHc9-AvcQjGp6BAgDEF8&cshid=1648481330442234&biw=1280&bih=569&dpr=1.5#",Directions
Delta Springs Ltd - Calgary Commercial Door & Hardware Installers,· Locksmith,5.0,(3),"15+ years in business · High River, AB, Canada",Open ⋅ Closes 6PM · +1 403-826-9065,,,https://www.deltaspringsltd.com/,Website,Delta Springs Ltd - Calgary Commercial Door & Hardware Installers,"5,0",(3),"https://www.google.com/search?rlz=1C1VDKB_enBD991BD991&tbs=lf:1,lf_ui:14&tbm=lcl&sxsrf=APq-WBtVBwtXwaY2sBSYDlNgQl-7IiCc3g:1648481234693&q=Locksmith+in+alberta+,canada&rflfq=1&num=10&sa=X&ved=2ahUKEwj5mqaTj-n2AhWfg_0HHc9-AvcQjGp6BAgDEF8&cshid=1648481330442234&biw=1280&bih=569&dpr=1.5#",Directions
Fleetwood Towing & Recovery Ltd.,· Locksmith,4.6,(43),"5+ years in business · Camrose, AB, Canada",Open 24 hours · +1 780-673-0067,,,https://www.facebook.com/fleetwoodtowing,Website,Fleetwood Towing & Recovery Ltd.,"4,6",(43),"https://www.google.com/search?rlz=1C1VDKB_enBD991BD991&tbs=lf:1,lf_ui:14&tbm=lcl&sxsrf=APq-WBtVBwtXwaY2sBSYDlNgQl-7IiCc3g:1648481234693&q=Locksmith+in+alberta+,canada&rflfq=1&num=10&sa=X&ved=2ahUKEwj5mqaTj-n2AhWfg_0HHc9-AvcQjGp6BAgDEF8&cshid=1648481330442234&biw=1280&bih=569&dpr=1.5#",Directions
Nathan's Towing,· Locksmith,4.9,(112),"5+ years in business · Medicine Hat, AB, Canada",Open ⋅ Closes 10PM · +1 403-866-9999,,,http://nathanstowing.ca/,Website,Nathan's Towing,"4,9",(112),"https://www.google.com/search?rlz=1C1VDKB_enBD991BD991&tbs=lf:1,lf_ui:14&tbm=lcl&sxsrf=APq-WBtVBwtXwaY2sBSYDlNgQl-7IiCc3g:1648481234693&q=Locksmith+in+alberta+,canada&rflfq=1&num=10&sa=X&ved=2ahUKEwj5mqaTj-n2AhWfg_0HHc9-AvcQjGp6BAgDEF8&cshid=1648481330442234&biw=1280&bih=569&dpr=1.5#",Directions
Canyon Meadows Shoe Repair,· Shoe repair shop,4.4,(24),"10+ years in business · Calgary, AB, Canada",Open ⋅ Closes 6PM · +1 403-251-1150,,,https://canyon-meadows-shoe-repair.business.site/?utm_source=gmb&utm_medium=referral,Website,Canyon Meadows Shoe Repair,"4,4",(24),"https://www.google.com/search?rlz=1C1VDKB_enBD991BD991&tbs=lf:1,lf_ui:14&tbm=lcl&sxsrf=APq-WBtVBwtXwaY2sBSYDlNgQl-7IiCc3g:1648481234693&q=Locksmith+in+alberta+,canada&rflfq=1&num=10&sa=X&ved=2ahUKEwj5mqaTj-n2AhWfg_0HHc9-AvcQjGp6BAgDEF8&cshid=1648481330442234&biw=1280&bih=569&dpr=1.5#",Directions
Blue Quill Laundromat & Tailors,· Laundromat,3.0,(79),"Edmonton, AB, Canada",Open ⋅ Closes 1AM · +1 780-439-2225,https://www.gstatic.com/images/icons/material/system/2x/check_circle_outline_googblue_18dp.png,Provides:,http://www.bluequilllaundry.ca/,Website,Blue Quill Laundromat & Tailors,"3,0",(79),"https://www.google.com/search?rlz=1C1VDKB_enBD991BD991&tbs=lf:1,lf_ui:14&tbm=lcl&sxsrf=APq-WBtVBwtXwaY2sBSYDlNgQl-7IiCc3g:1648481234693&q=Locksmith+in+alberta+,canada&rflfq=1&num=10&sa=X&ved=2ahUKEwj5mqaTj-n2AhWfg_0HHc9-AvcQjGp6BAgDEF8&cshid=1648481330442234&biw=1280&bih=569&dpr=1.5#",Directions
Sunvalley Locksmiths,· Locksmith,4.9,(157),"10+ years in business · Kelowna, BC, Canada",Open ⋅ Closes 5PM · +1 250-868-0404,https://lh3.googleusercontent.com/a/default-user=s40-cc,"""Thank you Sunvalley Locksmith for a job well done.""",http://www.sunvalleylocksmiths.ca/,Website,Sunvalley Locksmiths,"4,9",(157),"https://www.google.com/search?rlz=1C1VDKB_enBD991BD991&tbs=lf:1,lf_ui:14&tbm=lcl&sxsrf=APq-WBtVBwtXwaY2sBSYDlNgQl-7IiCc3g:1648481234693&q=Locksmith+in+alberta+,canada&rflfq=1&num=10&sa=X&ved=2ahUKEwj5mqaTj-n2AhWfg_0HHc9-AvcQjGp6BAgDEF8&cshid=1648481330442234&biw=1280&bih=569&dpr=1.5#",Directions
Vernon Lock & Security Solutions,· Locksmith,4.6,(90),"10+ years in business · Vernon, BC, Canada",· +1 250-545-0139,https://lh3.googleusercontent.com/a/default-user=s40-cc,"""I would definitely recommend them!""",https://vernonlock.com/,Website,Vernon Lock & Security Solutions,"4,6",(90),"https://www.google.com/search?rlz=1C1VDKB_enBD991BD991&tbs=lf:1,lf_ui:14&tbm=lcl&sxsrf=APq-WBtVBwtXwaY2sBSYDlNgQl-7IiCc3g:1648481234693&q=Locksmith+in+alberta+,canada&rflfq=1&num=10&sa=X&ved=2ahUKEwj5mqaTj-n2AhWfg_0HHc9-AvcQjGp6BAgDEF8&cshid=1648481330442234&biw=1280&bih=569&dpr=1.5#",Directions
Mr. Locksmith West Vancouver,· Locksmith,4.0,(4),3+ years in business,· +1 604-760-7620,https://lh3.googleusercontent.com/a/default-user=s40-cc,"""Best Locksmith we have used.""",http://www.mrlocksmith.com/,Website,,,,,
ARALocksmith.ca,· Locksmith,5.0,(1),20+ years in business,Open 24 hours · +1 431-556-6161,,,http://www.aralocksmith.ca/,Website,,,,,
Milo's Locksmith & Security Co. Inc.,· Locksmith,4.7,(162),"5+ years in business · Puyallup, WA, United States",Open ⋅ Closes 5PM · +1 253-848-8646,https://lh3.googleusercontent.com/a/default-user=s40-cc,"""The best locksmith around.""",http://www.miloslocksmith.net/,Website,Milo's Locksmith & Security Co. Inc.,"4,7",(162),"https://www.google.com/search?rlz=1C1VDKB_enBD991BD991&tbs=lf:1,lf_ui:14&tbm=lcl&sxsrf=APq-WBtVBwtXwaY2sBSYDlNgQl-7IiCc3g:1648481234693&q=Locksmith+in+alberta+,canada&rflfq=1&num=10&sa=X&ved=2ahUKEwj5mqaTj-n2AhWfg_0HHc9-AvcQjGp6BAgDEF8&cshid=1648481330442234&biw=1280&bih=569&dpr=1.5#",Directions
Warman Home Centre,· Hardware store,4.5,(126),"Warman, SK, Canada",Open ⋅ Closes 6PM · +1 306-933-4950,,,http://www.warmanhomecentre.com/,Website,Warman Home Centre,"4,5",(126),"https://www.google.com/search?rlz=1C1VDKB_enBD991BD991&tbs=lf:1,lf_ui:14&tbm=lcl&sxsrf=APq-WBtVBwtXwaY2sBSYDlNgQl-7IiCc3g:1648481234693&q=Locksmith+in+alberta+,canada&rflfq=1&num=10&sa=X&ved=2ahUKEwj5mqaTj-n2AhWfg_0HHc9-AvcQjGp6BAgDEF8&cshid=1648481330442234&biw=1280&bih=569&dpr=1.5#",Directions
Pop-A-Lock Nova Scotia,· Locksmith,4.3,(83),"7+ years in business · Dartmouth, NS, Canada",Open ⋅ Closes 4:30PM · +1 902-469-5625,https://lh3.googleusercontent.com/a/default-user=s40-cc,"""Even in the pouring rain the handled business and at a really good price.""",https://popalock.ca/halifax/,Website,Pop-A-Lock Nova Scotia,"4,3",(83),"https://www.google.com/search?rlz=1C1VDKB_enBD991BD991&tbs=lf:1,lf_ui:14&tbm=lcl&sxsrf=APq-WBtVBwtXwaY2sBSYDlNgQl-7IiCc3g:1648481234693&q=Locksmith+in+alberta+,canada&rflfq=1&num=10&sa=X&ved=2ahUKEwj5mqaTj-n2AhWfg_0HHc9-AvcQjGp6BAgDEF8&cshid=1648481330442234&biw=1280&bih=569&dpr=1.5#",Directions
Arrow Locksmith,· Locksmith,4.2,(16),"3+ years in business · Oak Park, IL, United States",Open ⋅ Closes 5PM · +1 708-386-5500,https://lh3.googleusercontent.com/a/default-user=s40-cc,"""Great place to have locks repaired and keys made.""",https://www.arrowlocksmithservice.com/,Website,Arrow Locksmith,"4,2",(16),"https://www.google.com/search?rlz=1C1VDKB_enBD991BD991&tbs=lf:1,lf_ui:14&tbm=lcl&sxsrf=APq-WBtVBwtXwaY2sBSYDlNgQl-7IiCc3g:1648481234693&q=Locksmith+in+alberta+,canada&rflfq=1&num=10&sa=X&ved=2ahUKEwj5mqaTj-n2AhWfg_0HHc9-AvcQjGp6BAgDEF8&cshid=1648481330442234&biw=1280&bih=569&dpr=1.5#",Directions
Alock Locksmith,· Locksmith,5.0,(24),5+ years in business,Open 24 hours · +1 918-534-8721,https://lh3.googleusercontent.com/a/default-user=s40-cc,"""Would not recommend any other locksmith over Aaron.""",http://alocklocksmith.com/,Website,,,,,
Key’s Locksmith,· Locksmith,4.8,(113),"3+ years in business · Los Angeles, CA, United States",· +1 323-424-7352,https://lh3.googleusercontent.com/a/default-user=s40-cc,"""Highly knowledgeable and skillful in all areas of locksmith""",https://www.keyslocksmith24.com/,Website,Key’s Locksmith,"4,8",(113),"https://www.google.com/search?rlz=1C1VDKB_enBD991BD991&tbs=lf:1,lf_ui:14&tbm=lcl&sxsrf=APq-WBtVBwtXwaY2sBSYDlNgQl-7IiCc3g:1648481234693&q=Locksmith+in+alberta+,canada&rflfq=1&num=10&sa=X&ved=2ahUKEwj5mqaTj-n2AhWfg_0HHc9-AvcQjGp6BAgDEF8&cshid=1648481330442234&biw=1280&bih=569&dpr=1.5#",Directions