vzRMeAg4Oi8__kl-trunc-name,sBhnyP5sXkG__rtng,sBhnyP5sXkG__number-of-reviews,dbg0pd,rllt__details,YDIN4c,HypWnf,rllt__details 2,rllt__details 3,rISBZc src,gqguwf,yYlJEf href,BSaJxc,yYlJEf href 2,UbRuwe,BI0Dve
Jake Klassen Plumbing Inc,"4,9",(254),Jake Klassen Plumbing Inc,· Plumber,4.9,(254),"10+ years in business · Lethbridge, AB, Canada",Open ⋅ Closes 4:30PM · +1 403-331-3111,https://lh3.googleusercontent.com/a/default-user=s40-cc,"""We had both Jake and Peter here to do plumbing work.""",http://www.jakeklassenplumbing.com/,Website,"https://www.google.com/search?rlz=1C1VDKB_enBD991BD991&tbs=lf:1,lf_ui:14&tbm=lcl&sxsrf=APq-WBtABRAeNuRb5gXRWcCSB_L0Mrggww:1648481399343&q=Plumber+in+alberta+,canada&rflfq=1&num=10&sa=X&ved=2ahUKEwjB4efhj-n2AhWihf0HHaRqD7sQjGp6BAgCEFU&biw=1280&bih=569&dpr=1.5#",Directions,
,,,"Baker Plumbing, Heating and Gasfitting",· Plumber,4.6,(110),65+ years in business,Open 24 hours · +1 403-800-3007,https://lh3.googleusercontent.com/a/default-user=s40-cc,"""we appreciate your help.""",http://www.bakerplumbing.ca/?utm_source=GMBlisting&utm_medium=organic,Website,,,Online estimates
Action Auger Plumbing Red Deer,"4,8",(43),Action Auger Plumbing Red Deer,· Plumber,4.8,(43),"5+ years in business · Red Deer, AB, Canada",Open 24 hours · +1 403-755-6344,,,http://www.actionaugerreddeer.com/,Website,"https://www.google.com/search?rlz=1C1VDKB_enBD991BD991&tbs=lf:1,lf_ui:14&tbm=lcl&sxsrf=APq-WBtABRAeNuRb5gXRWcCSB_L0Mrggww:1648481399343&q=Plumber+in+alberta+,canada&rflfq=1&num=10&sa=X&ved=2ahUKEwjB4efhj-n2AhWihf0HHaRqD7sQjGp6BAgCEFU&biw=1280&bih=569&dpr=1.5#",Directions,
The Gentlemen Plumbers,"4,8",(987),The Gentlemen Plumbers,· Plumber,4.8,(987),"7+ years in business · Edmonton, AB, Canada",Open 24 hours · +1 587-786-6328,https://lh3.googleusercontent.com/a/default-user=s40-cc,"""Plumbers were friendly and open.""",http://thegentlemenplumbersedmonton.com/,Website,"https://www.google.com/search?rlz=1C1VDKB_enBD991BD991&tbs=lf:1,lf_ui:14&tbm=lcl&sxsrf=APq-WBtABRAeNuRb5gXRWcCSB_L0Mrggww:1648481399343&q=Plumber+in+alberta+,canada&rflfq=1&num=10&sa=X&ved=2ahUKEwjB4efhj-n2AhWihf0HHaRqD7sQjGp6BAgCEFU&biw=1280&bih=569&dpr=1.5#",Directions,On-site services
,,,EZ Plumbing Inc.,· Plumber,4.5,(338),20+ years in business,Open 24 hours · +1 780-800-1001,https://lh3.googleusercontent.com/a/default-user=s40-cc,"""I highly recommend EZ plumbing.""",http://www.ezplumbinginc.ca/,Website,,,
Pro Plumbing & Heating Ltd.,"4,7",(139),Pro Plumbing & Heating Ltd.,· Plumber,4.7,(139),"Edmonton, AB, Canada",Open 24 hours · +1 780-462-2225,https://lh3.googleusercontent.com/a/default-user=s40-cc,"""Will be using them for all my future plumbing and heating needs in Edmonton!""",http://www.proplumbing.ca/,Website,"https://www.google.com/search?rlz=1C1VDKB_enBD991BD991&tbs=lf:1,lf_ui:14&tbm=lcl&sxsrf=APq-WBtABRAeNuRb5gXRWcCSB_L0Mrggww:1648481399343&q=Plumber+in+alberta+,canada&rflfq=1&num=10&sa=X&ved=2ahUKEwjB4efhj-n2AhWihf0HHaRqD7sQjGp6BAgCEFU&biw=1280&bih=569&dpr=1.5#",Directions,
My Calgary Plumber,"4,9",(342),My Calgary Plumber,· Plumber,4.9,(342),"15+ years in business · Calgary, AB, Canada",Open 24 hours · +1 587-707-0606,https://lh3.googleusercontent.com/a/default-user=s40-cc,"""I will definitely recommend  My Calgary Plumber.""",https://www.mycalgaryplumber.ca/,Website,"https://www.google.com/search?rlz=1C1VDKB_enBD991BD991&tbs=lf:1,lf_ui:14&tbm=lcl&sxsrf=APq-WBtABRAeNuRb5gXRWcCSB_L0Mrggww:1648481399343&q=Plumber+in+alberta+,canada&rflfq=1&num=10&sa=X&ved=2ahUKEwjB4efhj-n2AhWihf0HHaRqD7sQjGp6BAgCEFU&biw=1280&bih=569&dpr=1.5#",Directions,
Hydro-Flo Plumbing & Heating ltd.,"4,8",(213),Hydro-Flo Plumbing & Heating ltd.,· Plumber,4.8,(213),"15+ years in business · Edmonton, AB, Canada",Open 24 hours · +1 780-203-2230,https://lh3.googleusercontent.com/a/default-user=s40-cc,"""I recommend Justin for your plumbing needs!""",https://www.hydro-flo.ca/,Website,"https://www.google.com/search?rlz=1C1VDKB_enBD991BD991&tbs=lf:1,lf_ui:14&tbm=lcl&sxsrf=APq-WBtABRAeNuRb5gXRWcCSB_L0Mrggww:1648481399343&q=Plumber+in+alberta+,canada&rflfq=1&num=10&sa=X&ved=2ahUKEwjB4efhj-n2AhWihf0HHaRqD7sQjGp6BAgCEFU&biw=1280&bih=569&dpr=1.5#",Directions,On-site services
Ace Plumbing and Heating,"4,5",(246),Ace Plumbing and Heating,· Plumber,4.5,(246),"45+ years in business · Calgary, AB, Canada",Open 24 hours · +1 587-317-2760,https://lh3.googleusercontent.com/a/default-user=s40-cc,"""Needed some emergency plumbing repair.""",https://ace-plumbing.ca/,Website,"https://www.google.com/search?rlz=1C1VDKB_enBD991BD991&tbs=lf:1,lf_ui:14&tbm=lcl&sxsrf=APq-WBtABRAeNuRb5gXRWcCSB_L0Mrggww:1648481399343&q=Plumber+in+alberta+,canada&rflfq=1&num=10&sa=X&ved=2ahUKEwjB4efhj-n2AhWihf0HHaRqD7sQjGp6BAgCEFU&biw=1280&bih=569&dpr=1.5#",Directions,On-site services
Need a Plumber Canada,"4,3",(648),Need a Plumber Canada,· Plumber,4.3,(648),"7+ years in business · Calgary, AB, Canada",Open 24 hours · +1 403-236-0123,https://lh3.googleusercontent.com/a/default-user=s40-cc,"""I would recommend Need a Plumber Canada to anyone.""",https://www.needaplumbercanada.ca/,Website,"https://www.google.com/search?rlz=1C1VDKB_enBD991BD991&tbs=lf:1,lf_ui:14&tbm=lcl&sxsrf=APq-WBtABRAeNuRb5gXRWcCSB_L0Mrggww:1648481399343&q=Plumber+in+alberta+,canada&rflfq=1&num=10&sa=X&ved=2ahUKEwjB4efhj-n2AhWihf0HHaRqD7sQjGp6BAgCEFU&biw=1280&bih=569&dpr=1.5#",Directions,
The Gentlemen Plumbers Calgary,"4,8",(1506),The Gentlemen Plumbers Calgary,· Plumber,4.8,"(1,5K)","7+ years in business · Calgary, AB, Canada",Open 24 hours · +1 587-794-3988,https://lh3.googleusercontent.com/a/default-user=s40-cc,"""We are in rural Alberta and we have some unique challenges with our water.""",https://www.thegentlemenplumberscalgary.com/,Website,"https://www.google.com/search?rlz=1C1VDKB_enBD991BD991&tbs=lf:1,lf_ui:14&tbm=lcl&sxsrf=APq-WBtABRAeNuRb5gXRWcCSB_L0Mrggww:1648481399343&q=Plumber+in+alberta+,canada&rflfq=1&num=10&sa=X&ved=2ahUKEwjB4efhj-n2AhWihf0HHaRqD7sQjGp6BAgCEFU&biw=1280&bih=569&dpr=1.5#",Directions,On-site services
Nano's plumbing & heating LTD,"4,9",(164),Nano's plumbing & heating LTD,· Plumber,4.9,(164),"10+ years in business · Edmonton, AB, Canada",Open 24 hours · +1 780-604-4996,https://lh3.googleusercontent.com/a/default-user=s40-cc,"""Hands down the best plumbers in Alberta!""",http://www.nanosplumbing.ca/,Website,"https://www.google.com/search?rlz=1C1VDKB_enBD991BD991&tbs=lf:1,lf_ui:14&tbm=lcl&sxsrf=APq-WBtABRAeNuRb5gXRWcCSB_L0Mrggww:1648481399343&q=Plumber+in+alberta+,canada&rflfq=1&num=10&sa=X&ved=2ahUKEwjB4efhj-n2AhWihf0HHaRqD7sQjGp6BAgCEFU&biw=1280&bih=569&dpr=1.5#",Directions,
,,,Aquality Plumbing & Heating Inc,· Plumber,5.0,(162),15+ years in business,Open 24 hours · +1 403-205-2782,https://lh3.googleusercontent.com/a/default-user=s40-cc,"""I highly recommend them for even the smallest plumbing issues and services.""",http://www.aqualityplumber.com/,Website,,,
One Hour Plumbing,"4,9",(46),One Hour Plumbing,· Plumber,4.9,(46),"5+ years in business · Edmonton, AB, Canada",Open ⋅ Closes 4:30PM · +1 587-409-4419,,,http://onehourplumbing.ca/,Website,"https://www.google.com/search?rlz=1C1VDKB_enBD991BD991&tbs=lf:1,lf_ui:14&tbm=lcl&sxsrf=APq-WBtABRAeNuRb5gXRWcCSB_L0Mrggww:1648481399343&q=Plumber+in+alberta+,canada&rflfq=1&num=10&sa=X&ved=2ahUKEwjB4efhj-n2AhWihf0HHaRqD7sQjGp6BAgCEFU&biw=1280&bih=569&dpr=1.5#",Directions,
Jorgensen's Plumbing & Heating Ltd,"4,3",(20),Jorgensen's Plumbing & Heating Ltd,· Plumber,4.3,(20),"10+ years in business · Camrose, AB, Canada",Open ⋅ Closes 4PM · +1 780-672-2604,,,,,"https://www.google.com/search?rlz=1C1VDKB_enBD991BD991&tbs=lf:1,lf_ui:14&tbm=lcl&sxsrf=APq-WBtABRAeNuRb5gXRWcCSB_L0Mrggww:1648481399343&q=Plumber+in+alberta+,canada&rflfq=1&num=10&sa=X&ved=2ahUKEwjB4efhj-n2AhWihf0HHaRqD7sQjGp6BAgCEFU&biw=1280&bih=569&dpr=1.5#",Directions,
Ram Mechanical Plumbing & Heating,"4,7",(43),Ram Mechanical Plumbing & Heating,· Plumber,4.7,(43),"35+ years in business · Fort McMurray, AB, Canada",Open ⋅ Closes 5PM · +1 780-799-7201,,,https://rammech.com/?utm_source=GMBlisting&utm_medium=organic,Website,"https://www.google.com/search?rlz=1C1VDKB_enBD991BD991&tbs=lf:1,lf_ui:14&tbm=lcl&sxsrf=APq-WBtABRAeNuRb5gXRWcCSB_L0Mrggww:1648481399343&q=Plumber+in+alberta+,canada&rflfq=1&num=10&sa=X&ved=2ahUKEwjB4efhj-n2AhWihf0HHaRqD7sQjGp6BAgCEFU&biw=1280&bih=569&dpr=1.5#",Directions,
Total Plumbing & Heating,"4,6",(53),Total Plumbing & Heating,· Plumber,4.6,(53),"25+ years in business · Westlock, AB, Canada",Open ⋅ Closes 4:30PM · +1 855-454-4546,https://lh3.googleusercontent.com/a/default-user=s40-cc,"""Get your plumbing needs met there.""",http://totalph.ca/,Website,"https://www.google.com/search?rlz=1C1VDKB_enBD991BD991&tbs=lf:1,lf_ui:14&tbm=lcl&sxsrf=APq-WBtABRAeNuRb5gXRWcCSB_L0Mrggww:1648481399343&q=Plumber+in+alberta+,canada&rflfq=1&num=10&sa=X&ved=2ahUKEwjB4efhj-n2AhWihf0HHaRqD7sQjGp6BAgCEFU&biw=1280&bih=569&dpr=1.5#",Directions,On-site services
Elkwoods Plumbing & Heating Ltd.,"5,0",(34),Elkwoods Plumbing & Heating Ltd.,· Plumber,5.0,(34),"3+ years in business · Grande Prairie, AB, Canada",Open ⋅ Closes 9PM · +1 780-978-0473,https://lh3.googleusercontent.com/a/default-user=s40-cc,"""This will be my go to plumber for future needs.""",http://elkwoods.ca/,Website,"https://www.google.com/search?rlz=1C1VDKB_enBD991BD991&tbs=lf:1,lf_ui:14&tbm=lcl&sxsrf=APq-WBtABRAeNuRb5gXRWcCSB_L0Mrggww:1648481399343&q=Plumber+in+alberta+,canada&rflfq=1&num=10&sa=X&ved=2ahUKEwjB4efhj-n2AhWihf0HHaRqD7sQjGp6BAgCEFU&biw=1280&bih=569&dpr=1.5#",Directions,
Mr. Rooter Plumbing of Edmonton,"4,8",(1428),Mr. Rooter Plumbing of Edmonton,· Plumber,4.8,"(1,4K)","10+ years in business · Edmonton, AB, Canada",Open 24 hours · +1 780-429-3600,https://lh3.googleusercontent.com/a/default-user=s40-cc,"""They are my ""go-to"" plumbing company in Edmonton!""",https://www.mrrooter.ca/edmonton/?cid=LSTL_MRR-CA000200&utm_source=gmb&utm_campaign=local&utm_medium=organic,Website,"https://www.google.com/search?rlz=1C1VDKB_enBD991BD991&tbs=lf:1,lf_ui:14&tbm=lcl&sxsrf=APq-WBtABRAeNuRb5gXRWcCSB_L0Mrggww:1648481399343&q=Plumber+in+alberta+,canada&rflfq=1&num=10&sa=X&ved=2ahUKEwjB4efhj-n2AhWihf0HHaRqD7sQjGp6BAgCEFU&biw=1280&bih=569&dpr=1.5#",Directions,On-site services
Capital Plumbing & Heating,"4,8",(1233),Capital Plumbing & Heating,· Plumber,4.8,"(1,2K)","20+ years in business · Edmonton, AB, Canada",Open 24 hours · +1 780-306-5091,https://lh3.googleusercontent.com/a/default-user=s40-cc,"""Andrew, Ryan and the team at Capital Plumbing are great.""",http://www.capitalplumbing.ca/,Website,"https://www.google.com/search?rlz=1C1VDKB_enBD991BD991&tbs=lf:1,lf_ui:14&tbm=lcl&sxsrf=APq-WBtABRAeNuRb5gXRWcCSB_L0Mrggww:1648481399343&q=Plumber+in+alberta+,canada&rflfq=1&num=10&sa=X&ved=2ahUKEwjB4efhj-n2AhWihf0HHaRqD7sQjGp6BAgCEFU&biw=1280&bih=569&dpr=1.5#",Directions,
,,,,,,,,,,,,,,,