business_name,service,rating,review_count,business_duration,phone_number,website
GT Lock and Key,· Locksmith,4.8,(24),3+ years in business,14038354576,http://www.gtlockandkey.ca/
Pop-A-Lock Edmonton,· Locksmith,4.8,(46),3+ years in business,15876725625,https://popalock.ca/edmonton/
Active Lock & Safe Ltd,· Locksmith,4.6,(142),"10+ years in business · Lethbridge, AB, Canada",14033291026,http://www.activelockandsafe.com/
Dial Locksmith Ltd,· Locksmith,4.4,(103),"10+ years in business · Edmonton, AB, Canada",17804206664,http://www.diallocksmith.ca/
Alberta Lock Solid,· Locksmith,4.5,(116),"10+ years in business · Edmonton, AB, Canada",18774795522,http://www.albertalocksolid.com/
Next Door Locksmith,· Locksmith,4.4,(108),7+ years in business,15877472656,http://nextdoorlocksmith.ca/
Western Lock & Key,· Locksmith,4.7,(50),"7+ years in business · Edmonton, AB, Canada",17804369077,http://www.westernlockandkey.ca/
Aegis Locksmiths,· Locksmith,4.5,(119),"10+ years in business · Edmonton, AB, Canada",17804650182,https://www.aegislocksmith.ca/
Edmonton Lock & Safe Inc,· Locksmith,4.9,(86),"10+ years in business · Edmonton, AB, Canada",17804339444,https://edmontonlock.com/
Royal Lock & Key,· Locksmith,4.6,(126),"10+ years in business · Edmonton, AB, Canada",17804355352,https://royallock.net/
Red Deer Lock & Safe Ltd.,· Locksmith,4.5,(116),"40+ years in business · Red Deer, AB, Canada",14033431391,http://reddeerlock.com/
Beaumont Locksmith,· Locksmith,4.7,(14),"10+ years in business · Beaumont, AB, Canada",15877603187,
Safe & lock Solutions Inc.,· Locksmith,5.0,(27),"7+ years in business · Nisku, AB, Canada",17809551911,http://safelocksolutions.ca/
Lang Locksmiths Ltd,· Locksmith,4.6,(27),"10+ years in business · Edmonton, AB, Canada",17804656401,http://langlocks.com/
Fineline Locksmithing,· Locksmith,4.9,(85),5+ years in business,17802570778,http://www.finelinelocksmithing.ca/
Airdrie Locksmith,· Locksmith,4.7,(35),"15+ years in business · Airdrie, AB, Canada · In Co-op Sierra Springs",14036687434,http://www.airdrieablocksmiths.ca/
Calgary Lock & Safe,· Locksmith,4.7,(482),"35+ years in business · Calgary, AB, Canada",14032505698,http://www.calgarylockandsafe.com/
Stronghold Locksmith,· Locksmith,5.0,(64),"3+ years in business · Canmore, AB, Canada",14034935625,https://www.strongholdlocksmith.com/
The Key Hole,· Locksmith,4.6,(60),"7+ years in business · Red Deer, AB, Canada",14033436644,
Action Security Locksmiths,· Locksmith,4.6,(75),"30+ years in business · Edmonton, AB, Canada",17804519292,http://www.actionsecuritylock.com/
,NULL,,,,NULL,
Omega Locksmith LTD,· Locksmith,4.6,(237),"5+ years in business · Edmonton, AB, Canada · In Parsons Centre",17805771764,https://www.omegalocksmith.ca/
Alberta Lock,· Emergency locksmith service,4.9,(45),"Calgary, AB, Canada",15878395625,http://albertalock.ca/
All-Lock-Rescue Ltd,· Locksmith,4.6,(120),"30+ years in business · Edmonton, AB, Canada",17804475625,http://www.all-lock.com/
Darryl's Lock & Key,· Locksmith,5.0,(20),3+ years in business,14035275791,
Airdrie Lock & Key,· Locksmith,4.6,(61),"10+ years in business · Airdrie, AB, Canada",14039484500,https://www.airdrielockandkey.ca/
Locksmith Airdrie,· Locksmith,4.7,(33),15+ years in business,14036686578,http://www.locksmithairdrie.ca/
Bow Valley Locksmithing,· Locksmith,4.0,(20),7+ years in business,14037625625,http://bowvalleylocksmith.com/
Roger's Lock Ltd,· Locksmith,4.7,(15),"45+ years in business · Peace River, AB, Canada",17806242050,
ABOE Lockworks Ltd.,· Locksmith,4.7,(126),"40+ years in business · Calgary, AB, Canada",14032305625,http://www.aboelockworks.ca/
Keyway Security Locksmiths Ltd.,· Locksmith,4.6,(35),"5+ years in business · Medicine Hat, AB, Canada",14035264322,http://www.keywaylocks.ca/
Fortification Security Solutions,· Locksmith,5.0,(12),3+ years in business,17808686066,https://fortificationsecurity.solutions/
Mr. Locksmith Calgary,· Locksmith,3.9,(21),7+ years in business,14038009185,http://mrlocksmithcalgary.com/
Locksmith prof,· Locksmith,5.0,(45),"Calgary, AB, Canada",14037147709,http://www.locksmithprof.ca/
Charlie´s Security,· Locksmith,4.5,(31),"7+ years in business · Fort McMurray, AB, Canada · In river pointe",17807432462,https://charliessecurity.com/
Certified Locksmith St. Albert,· Locksmith,5.0,(11),10+ years in business,15877603212,https://certifiedlocksmithstalbert.business.site/?utm_source=gmb&utm_medium=referral
Cassady's Lock & Key Ltd,· Locksmith,4.8,(10),"7+ years in business · Camrose, AB, Canada",17806729499,http://cassadyslock.com/
Always Affordable Always Available Locksmiths Ltd,· Locksmith,4.5,(288),"25+ years in business · Calgary, AB, Canada",14032728923,http://www.affordablelocksmiths.com/
Spruce Grove Locksmith Masters,· Locksmith,4.1,(22),"15+ years in business · Spruce Grove, AB, Canada",15877603224,
Ability Lock & Safe Ltd.,· Locksmith,4.3,(112),"35+ years in business · Calgary, AB, Canada",14032480008,http://abilitylock.ca/
Head's Lock & Key Works Ltd,· Locksmith,4.6,(111),"7+ years in business · Calgary, AB, Canada",14032432032,
SMC Locksmith,· Locksmith,4.3,(115),"3+ years in business · Calgary, AB, Canada",14036670654,https://www.smc-calgary-locksmith.ca/
Foothills Locksmiths,· Locksmith,4.6,(22),"Calgary, AB, Canada",14032790561,http://www.foothillslocksmiths.ca/
PLS Security,· Locksmith,4.4,(36),"10+ years in business · Fort McMurray, AB, Canada",17807911489,http://www.plssecurity.com/
Minute Key,· Locksmith,4.7,(25),"3+ years in business · Calgary, AB, Canada · In Shawnessy Shopping Centre",18005397571,https://www.minutekey.com/key-services/alberta/calgary/locksmith-key-copy-duplication-100-310-shawville-blvd-s-e-/26656/?utm_campaign=gmb-website&utm_source=google&utm_medium=organic
Master Locksmiths,· Locksmith,3.5,(59),"10+ years in business · Edmonton, AB, Canada",17804749011,http://www.masterlocksmiths.ca/
Calgary Lock Services,· Locksmith,5.0,(26),"Calgary, AB, Canada",14038704095,https://calgarylockservices.com/
David Locksmith Calgary 1982,· Locksmith,4.9,(63),"7+ years in business · Calgary, AB, Canada",14032802993,
Chestermere Certified Locksmith,· Locksmith,5.0,(29),15+ years in business,14036684052,https://chestermere-certified-locksmith.business.site/?utm_source=gmb&utm_medium=referral
Donsdale Locksmith Service,· Locksmith,4.7,(13),"10+ years in business · Edmonton, AB, Canada",17806401667,
High Security Locksmith Company,· Locksmith,4.9,(18),"Calgary, AB, Canada",14032635397,http://high-security.ca/
Key concepts Locksmithing,· Locksmith,4.5,(8),"10+ years in business · Barrhead, AB, Canada",17803059425,http://www.keyconceptslocksmith.ca/
Heritage Locksmith,· Locksmith,4.7,(14),"15+ years in business · Edmonton, AB, Canada",15874091959,https://heritage-locksmith-locksmith.business.site/?utm_source=gmb&utm_medium=referral
FMI Professional Locksmiths,· Locksmith,4.7,(23),"10+ years in business · Calgary, AB, Canada",14039090089,http://fmilocksmiths.com/
Tip Top Locksmith,· Locksmith,5.0,(3),Open ⋅ Closes 11:30PM · +1 587-602-0553,15876020553,http://tiptop-locksmith.com/
DGS Locksmith & Security,· Locksmith,4.0,(6),"Hinton, AB, Canada",17808658032,http://www.dgslocksmith.com/
Calgary 24/7 Locksmith,· Locksmith,2.0,(151),5+ years in business,15873295433,http://www.calgary247locksmith.com/
Lock Surgeon,· Locksmith,2.1,(259),"30+ years in business · Edmonton, AB, Canada",17804489243,https://www.locksurgeon.com/
Summit Lock & Safe Ltd,· Locksmith,5.0,(5),"7+ years in business · Edmonton, AB, Canada",17807225101,http://www.summitlockandsafe.ca/
Okotoks Lock & Safe,· Locksmith,5.0,(3),"Okotoks, AB, Canada",14039381234,
Bill's Lock & Saw,· Locksmith,5.0,(1),"10+ years in business · South Baptiste, AB, Canada",17806896349,
Alberta Car Keys,· Locksmith,3.7,(3),"Leduc, AB, Canada",17806197611,https://albertacarkeys.ca/
Country Locksmith,· Locksmith,5.0,(2),"10+ years in business · Bonnyville, AB, Canada · In CSN JD Collision - Bonnyville",17808268460,
Local Calgary Locksmith,· Emergency locksmith service,5.0,(2),Open 24 hours · +1 403-648-1941,14036481941,https://localcalgarylocksmiths.ca/
Vulcan Locksmith,· Locksmith,5.0,(1),"10+ years in business · Vulcan, AB, Canada",14034850876,
ALW Security & Hardware Supply,· Locksmith,4.0,(5),"Edmonton, AB, Canada",17804650184,http://www.alwsecurity.com/
Lakeland Locksmith,· Locksmith,5.0,(1),"7+ years in business · Bonnyville, AB, Canada · In CSN JD Collision - Bonnyville",17808124521,
Rimbey Lock & Key,· Locksmith,,,"Rimbey, AB, Canada",14035545625,http://rimbeylock.com/
Eagle Lock & Glass,· Locksmith,4.6,(17),"10+ years in business · Wainwright, AB, Canada",17808429134,
C.C.Craig Co. Ltd.,· Locksmith,4.5,(12),"Calgary, AB, Canada",14032911441,https://www.cccraiglock.com/
CC Craig Co Ltd,· Locksmith,4.8,(6),"10+ years in business · Edmonton, AB, Canada",17804099504,https://cccraiglock.com/
Len's Towing & Recovery,· Locksmith,,,"10+ years in business · Vermilion, AB, Canada",17808534019,
Gunnebo Canada Inc,· Locksmith,4.0,(1),"3+ years in business · Edmonton, AB, Canada",17804348436,http://www.gunnebo.ca/
Heartland Glass Ltd,· Locksmith,4.8,(5),"Stettler, AB, Canada",14037422665,https://www.kohltech.com/locations/heartland-glass/
A-1 Towing Inc,· Locksmith,4.9,(85),"15+ years in business · #19, AB, Canada",14034708697,http://a1towinginc.ca/
Delta Springs Ltd - Calgary Commercial Door & Hardware Installers,· Locksmith,5.0,(3),"15+ years in business · High River, AB, Canada",14038269065,https://www.deltaspringsltd.com/
Fleetwood Towing & Recovery Ltd.,· Locksmith,4.6,(43),"5+ years in business · Camrose, AB, Canada",17806730067,https://www.facebook.com/fleetwoodtowing
Nathan's Towing,· Locksmith,4.9,(112),"5+ years in business · Medicine Hat, AB, Canada",14038669999,http://nathanstowing.ca/
Canyon Meadows Shoe Repair,· Shoe repair shop,4.4,(24),"10+ years in business · Calgary, AB, Canada",14032511150,https://canyon-meadows-shoe-repair.business.site/?utm_source=gmb&utm_medium=referral
Blue Quill Laundromat & Tailors,· Laundromat,3.0,(79),"Edmonton, AB, Canada",17804392225,http://www.bluequilllaundry.ca/
Sunvalley Locksmiths,· Locksmith,4.9,(157),"10+ years in business · Kelowna, BC, Canada",12508680404,http://www.sunvalleylocksmiths.ca/
Vernon Lock & Security Solutions,· Locksmith,4.6,(90),"10+ years in business · Vernon, BC, Canada",12505450139,https://vernonlock.com/
Mr. Locksmith West Vancouver,· Locksmith,4.0,(4),3+ years in business,16047607620,http://www.mrlocksmith.com/
ARALocksmith.ca,· Locksmith,5.0,(1),20+ years in business,14315566161,http://www.aralocksmith.ca/
Milo's Locksmith & Security Co. Inc.,· Locksmith,4.7,(162),"5+ years in business · Puyallup, WA, United States",12538488646,http://www.miloslocksmith.net/
Warman Home Centre,· Hardware store,4.5,(126),"Warman, SK, Canada",13069334950,http://www.warmanhomecentre.com/
Pop-A-Lock Nova Scotia,· Locksmith,4.3,(83),"7+ years in business · Dartmouth, NS, Canada",19024695625,https://popalock.ca/halifax/
Arrow Locksmith,· Locksmith,4.2,(16),"3+ years in business · Oak Park, IL, United States",17083865500,https://www.arrowlocksmithservice.com/
Alock Locksmith,· Locksmith,5.0,(24),5+ years in business,19185348721,http://alocklocksmith.com/
Key’s Locksmith,· Locksmith,4.8,(113),"3+ years in business · Los Angeles, CA, United States",13234247352,https://www.keyslocksmith24.com/
Jake Klassen Plumbing Inc,· Plumber,4.9,(254),"10+ years in business · Lethbridge, AB, Canada",14033313111,http://www.jakeklassenplumbing.com/
"Baker Plumbing, Heating and Gasfitting",· Plumber,4.6,(110),65+ years in business,14038003007,http://www.bakerplumbing.ca/?utm_source=GMBlisting&utm_medium=organic
Action Auger Plumbing Red Deer,· Plumber,4.8,(43),"5+ years in business · Red Deer, AB, Canada",14037556344,http://www.actionaugerreddeer.com/
The Gentlemen Plumbers,· Plumber,4.8,(987),"7+ years in business · Edmonton, AB, Canada",15877866328,http://thegentlemenplumbersedmonton.com/
EZ Plumbing Inc.,· Plumber,4.5,(338),20+ years in business,17808001001,http://www.ezplumbinginc.ca/
Pro Plumbing & Heating Ltd.,· Plumber,4.7,(139),"Edmonton, AB, Canada",17804622225,http://www.proplumbing.ca/
My Calgary Plumber,· Plumber,4.9,(342),"15+ years in business · Calgary, AB, Canada",15877070606,https://www.mycalgaryplumber.ca/
Hydro-Flo Plumbing & Heating ltd.,· Plumber,4.8,(213),"15+ years in business · Edmonton, AB, Canada",17802032230,https://www.hydro-flo.ca/
Ace Plumbing and Heating,· Plumber,4.5,(246),"45+ years in business · Calgary, AB, Canada",15873172760,https://ace-plumbing.ca/
Need a Plumber Canada,· Plumber,4.3,(648),"7+ years in business · Calgary, AB, Canada",14032360123,https://www.needaplumbercanada.ca/
The Gentlemen Plumbers Calgary,· Plumber,4.8,"(1,5K)","7+ years in business · Calgary, AB, Canada",15877943988,https://www.thegentlemenplumberscalgary.com/
Nano's plumbing & heating LTD,· Plumber,4.9,(164),"10+ years in business · Edmonton, AB, Canada",17806044996,http://www.nanosplumbing.ca/
Aquality Plumbing & Heating Inc,· Plumber,5.0,(162),15+ years in business,14032052782,http://www.aqualityplumber.com/
One Hour Plumbing,· Plumber,4.9,(46),"5+ years in business · Edmonton, AB, Canada",15874094419,http://onehourplumbing.ca/
Jorgensen's Plumbing & Heating Ltd,· Plumber,4.3,(20),"10+ years in business · Camrose, AB, Canada",17806722604,
Ram Mechanical Plumbing & Heating,· Plumber,4.7,(43),"35+ years in business · Fort McMurray, AB, Canada",17807997201,https://rammech.com/?utm_source=GMBlisting&utm_medium=organic
Total Plumbing & Heating,· Plumber,4.6,(53),"25+ years in business · Westlock, AB, Canada",18554544546,http://totalph.ca/
Elkwoods Plumbing & Heating Ltd.,· Plumber,5.0,(34),"3+ years in business · Grande Prairie, AB, Canada",17809780473,http://elkwoods.ca/
Mr. Rooter Plumbing of Edmonton,· Plumber,4.8,"(1,4K)","10+ years in business · Edmonton, AB, Canada",17804293600,https://www.mrrooter.ca/edmonton/?cid=LSTL_MRR-CA000200&utm_source=gmb&utm_campaign=local&utm_medium=organic
Capital Plumbing & Heating,· Plumber,4.8,"(1,2K)","20+ years in business · Edmonton, AB, Canada",17803065091,http://www.capitalplumbing.ca/
,NULL,,,,NULL,
